"Nom","Type","Niveau","Rareté","Prix","Page AoN","Prix vérifié AoN","Prix vérifié (pc)","Fiche AoN vérifiée","Nom AoN retenu","Livre AoN","Édition retenue","Niveau AoN","Date vérification"
"Gecko Potion","Potion","1","Common","3 gp","https://2e.aonprd.com/Equipment.aspx?Category=15&Subcategory=18","3 gp","300","https://2e.aonprd.com/Equipment.aspx?ID=714&NoRedirect=1","Gecko Potion","Advanced Player's Guide pg. 257","legacy","1","2026-09-12"
"Healing Potion (Minor)","Potion","1","Common","4 gp","https://2e.aonprd.com/Equipment.aspx?Category=15&Subcategory=18","4 gp","400","https://2e.aonprd.com/Equipment.aspx?ID=186&NoRedirect=1","Healing Potion (Minor)","Core Rulebook pg. 563","legacy","1","2026-09-12"
"Minor Soldier's Syrup","Potion","1","Uncommon","4 gp","https://2e.aonprd.com/Equipment.aspx?Category=15&Subcategory=18","4 gp","400","https://2e.aonprd.com/Equipment.aspx?ID=4002&NoRedirect=1","Minor Soldier's Syrup","Pathfinder #218: Titanbane
 pg. 80","source_unique","1","2026-09-12"
"Potion of Emergency Escape","Potion","1","Common","3 gp","https://2e.aonprd.com/Equipment.aspx?Category=15&Subcategory=18","3 gp","300","https://2e.aonprd.com/Equipment.aspx?ID=720&NoRedirect=1","Potion of Expeditious Retreat","Advanced Player's Guide pg. 258","legacy","1","2026-09-12"
"Potion of Retaliation (Minor)","Potion","1","Common","4 gp","https://2e.aonprd.com/Equipment.aspx?Category=15&Subcategory=18","4 gp","400","https://2e.aonprd.com/Equipment.aspx?ID=721&NoRedirect=1","Potion of Retaliation (Minor)","Advanced Player's Guide pg. 259","legacy","1","2026-09-12"
"Potion of Shared Memories","Potion","1","Common","4 gp","https://2e.aonprd.com/Equipment.aspx?Category=15&Subcategory=18","4 gp","400","https://2e.aonprd.com/Equipment.aspx?ID=722&NoRedirect=1","Potion of Shared Memories","Advanced Player's Guide pg. 259","legacy","1","2026-09-12"
"Ration Tonic","Potion","1","Common","3 gp","https://2e.aonprd.com/Equipment.aspx?Category=15&Subcategory=18","3 gp","300","https://2e.aonprd.com/Equipment.aspx?ID=723&NoRedirect=1","Ration Tonic","Advanced Player's Guide pg. 259","legacy","1","2026-09-12"
"Antivenom Potion","Potion","2","Common","6 gp","https://2e.aonprd.com/Equipment.aspx?Category=15&Subcategory=18","6 gp","600","https://2e.aonprd.com/Equipment.aspx?ID=902&NoRedirect=1","Antivenom Potion","Troubles in Otari pg. 60","source_unique","2","2026-09-12"
"Draft of Stellar Radiance","Potion","3","Rare","12 gp","https://2e.aonprd.com/Equipment.aspx?Category=15&Subcategory=18","12 gp","1200","https://2e.aonprd.com/Equipment.aspx?ID=1823&NoRedirect=1","Draft of Stellar Radiance","Pathfinder #187: The Seventh Arch pg. 81","legacy","3","2026-09-12"
"Lesser Soldier's Syrup","Potion","3","Uncommon","12 gp","https://2e.aonprd.com/Equipment.aspx?Category=15&Subcategory=18","12 gp","1200","https://2e.aonprd.com/Equipment.aspx?ID=4002&NoRedirect=1","Lesser Soldier's Syrup","Pathfinder #218: Titanbane
 pg. 80","source_unique","3","2026-09-12"
"Potion of Retaliation (Lesser)","Potion","3","Common","12 gp","https://2e.aonprd.com/Equipment.aspx?Category=15&Subcategory=18","12 gp","1200","https://2e.aonprd.com/Equipment.aspx?ID=721&NoRedirect=1","Potion of Retaliation (Lesser)","Advanced Player's Guide pg. 259","legacy","3","2026-09-12"
"Potion of Water Breathing","Potion","3","Common","11 gp","https://2e.aonprd.com/Equipment.aspx?Category=15&Subcategory=18","11 gp","1100","https://2e.aonprd.com/Equipment.aspx?ID=196&NoRedirect=1","Potion of Water Breathing","Core Rulebook pg. 564","legacy","3","2026-09-12"
"Bloodhammer Reserve","Potion","4","Uncommon","20 gp","https://2e.aonprd.com/Equipment.aspx?Category=15&Subcategory=18","20 gp","2000","https://2e.aonprd.com/Equipment.aspx?ID=2558&NoRedirect=1","Bloodhammer Reserve","Highhelm pg. 86","source_unique","4","2026-09-12"
"Bottled Omen","Potion","4","Rare","20 gp","https://2e.aonprd.com/Equipment.aspx?Category=15&Subcategory=18","20 gp","2000","https://2e.aonprd.com/Equipment.aspx?ID=1822&NoRedirect=1","Bottled Omen","Pathfinder #187: The Seventh Arch pg. 81","legacy","4","2026-09-12"
"Invisibility Potion","Potion","4","Uncommon","20 gp","https://2e.aonprd.com/Equipment.aspx?Category=15&Subcategory=18","20 gp","2000","https://2e.aonprd.com/Equipment.aspx?ID=187&NoRedirect=1","Invisibility Potion","Core Rulebook pg. 563","legacy","4","2026-09-12"
"Oak Potion","Potion","4","Common","15 gp","https://2e.aonprd.com/Equipment.aspx?Category=15&Subcategory=18","15 gp","1500","https://2e.aonprd.com/Equipment.aspx?ID=184&NoRedirect=1","Barkskin Potion","Core Rulebook pg. 562","legacy","4","2026-09-12"
"Potion of Passing Fancy","Potion","4","Uncommon","20 gp","https://2e.aonprd.com/Equipment.aspx?Category=15&Subcategory=18","20 gp","2000","https://2e.aonprd.com/Equipment.aspx?ID=3637&NoRedirect=1","Potion of Passing Fancy","Pathfinder #205: Singer, Stalker, Skinsaw Man pg. 81","source_unique","4","2026-09-12"
"Shrinking Potion","Potion","4","Common","15 gp","https://2e.aonprd.com/Equipment.aspx?Category=15&Subcategory=18","15 gp","1500","https://2e.aonprd.com/Equipment.aspx?ID=197&NoRedirect=1","Shrinking Potion","Core Rulebook pg. 564","legacy","4","2026-09-12"
"Sure-Step Potion","Potion","4","Common","17 gp","https://2e.aonprd.com/Equipment.aspx?Category=15&Subcategory=18","17 gp","1700","https://2e.aonprd.com/Equipment.aspx?ID=4627&NoRedirect=1","Sure-Step Potion","Treasure Vault pg. 91","legacy","4","2026-09-12"
"Fu Water","Potion","5","Common","21 gp","https://2e.aonprd.com/Equipment.aspx?Category=15&Subcategory=18","21 gp","2100","https://2e.aonprd.com/Equipment.aspx?ID=987&NoRedirect=1","Fu Water","Secrets of Magic pg. 161","legacy","5","2026-09-12"
"Green Wyrmling Breath Potion","Potion","5","Common","30 gp","https://2e.aonprd.com/Equipment.aspx?Category=15&Subcategory=18","30 gp","3000","https://2e.aonprd.com/Equipment.aspx?ID=911&NoRedirect=1","Green Wyrmling Breath Potion","Pathfinder Beginner Box: Game Master's Guide pg. 53","legacy","5","2026-09-12"
"Potion of Disguise (Lesser)","Potion","5","Uncommon","30 gp","https://2e.aonprd.com/Equipment.aspx?Category=15&Subcategory=18","30 gp","3000","https://2e.aonprd.com/Equipment.aspx?ID=719&NoRedirect=1","Potion of Disguise (Lesser)","Advanced Player's Guide pg. 258","legacy","5","2026-09-12"
"Potion of Resistance (Lesser)","Potion","5","Common","45 gp","https://2e.aonprd.com/Equipment.aspx?Category=15&Subcategory=18","45 gp","4500","https://2e.aonprd.com/Equipment.aspx?ID=192&NoRedirect=1","Potion of Resistance (Lesser)","Core Rulebook pg. 563","legacy","6","2026-09-12"
"Wine of the Blood","Potion","5","Rare","30 gp","https://2e.aonprd.com/Equipment.aspx?Category=15&Subcategory=18","30 gp","3000","https://2e.aonprd.com/Equipment.aspx?ID=1635&NoRedirect=1","Wine of the Blood","Dark Archive pg. 114","legacy","5","2026-09-12"
"Bloodhammer Reserve (Select)","Potion","6","Uncommon","35 gp","https://2e.aonprd.com/Equipment.aspx?Category=15&Subcategory=18","35 gp","3500","https://2e.aonprd.com/Equipment.aspx?ID=2558&NoRedirect=1","Bloodhammer Reserve (Select)","Highhelm pg. 86","source_unique","6","2026-09-12"
"Eidetic Potion","Potion","6","Common","40 gp","https://2e.aonprd.com/Equipment.aspx?Category=15&Subcategory=18","40 gp","4000","https://2e.aonprd.com/Equipment.aspx?ID=4614&NoRedirect=1","Eidetic Potion","Treasure Vault pg. 89","legacy","6","2026-09-12"
"Healing Potion (Moderate)","Potion","6","Common","50 gp","https://2e.aonprd.com/Equipment.aspx?Category=15&Subcategory=18","50 gp","5000","https://2e.aonprd.com/Equipment.aspx?ID=186&NoRedirect=1","Healing Potion (Moderate)","Core Rulebook pg. 563","legacy","6","2026-09-12"
"Lesser Crimson Godsblood Serum","Potion","6","Rare","50 gp","https://2e.aonprd.com/Equipment.aspx?Category=15&Subcategory=18","50 gp","5000","https://2e.aonprd.com/Equipment.aspx?ID=3762&NoRedirect=1","Lesser Crimson Godsblood Serum","Shining Kingdoms pg. 52","source_unique","6","2026-09-12"
"Octopus Potion (Lesser)","Potion","6","Common","50 gp","https://2e.aonprd.com/Equipment.aspx?Category=15&Subcategory=18","50 gp","5000","https://2e.aonprd.com/Equipment.aspx?ID=2630&NoRedirect=1","Octopus Potion (Lesser)","Rage of Elements pg. 178","remaster_sans_tarif_legacy","6","2026-09-12"
"Philter of Empty Dreams","Potion","6","Rare","90 gp","https://2e.aonprd.com/Equipment.aspx?Category=15&Subcategory=18","90 gp","9000","https://2e.aonprd.com/Equipment.aspx?ID=3454&NoRedirect=1","Philter of Empty Dreams","Pathfinder #200: Seven Dooms for Sandpoint pg. 185","source_unique","6","2026-09-12"
"Potion of Retaliation (Moderate)","Potion","6","Common","50 gp","https://2e.aonprd.com/Equipment.aspx?Category=15&Subcategory=18","50 gp","5000","https://2e.aonprd.com/Equipment.aspx?ID=721&NoRedirect=1","Potion of Retaliation (Moderate)","Advanced Player's Guide pg. 259","legacy","6","2026-09-12"
"Potion of Swimming","Potion","6","Common","50 gp","https://2e.aonprd.com/Equipment.aspx?Category=15&Subcategory=18","50 gp","5000","https://2e.aonprd.com/Equipment.aspx?ID=193&NoRedirect=1","Potion of Swimming","Core Rulebook pg. 563","legacy","6","2026-09-12"
"Tentacle Potion (Lesser)","Potion","6","Common","33 gp","https://2e.aonprd.com/Equipment.aspx?Category=15&Subcategory=18","33 gp","3300","https://2e.aonprd.com/Equipment.aspx?ID=4628&NoRedirect=1","Tentacle Potion (Lesser)","Treasure Vault pg. 91","legacy","6","2026-09-12"
"Truth Potion","Potion","6","Uncommon","46 gp","https://2e.aonprd.com/Equipment.aspx?Category=15&Subcategory=18","46 gp","4600","https://2e.aonprd.com/Equipment.aspx?ID=200&NoRedirect=1","Truth Potion","Core Rulebook pg. 564","legacy","6","2026-09-12"
"Empath's Cordial","Potion","7","Common","65 gp","https://2e.aonprd.com/Equipment.aspx?Category=15&Subcategory=18","65 gp","6500","https://2e.aonprd.com/Equipment.aspx?ID=4616&NoRedirect=1","Empath's Cordial","Treasure Vault pg. 89","legacy","7","2026-09-12"
"Energy Breath Potion (Lesser)","Potion","7","Common","70 gp","https://2e.aonprd.com/Equipment.aspx?Category=15&Subcategory=18","70 gp","7000","https://2e.aonprd.com/Equipment.aspx?ID=185&NoRedirect=1","Dragon's Breath Potion (Young)","Core Rulebook pg. 562","legacy","7","2026-09-12"
"Fey Dragonet Liqueur (Lesser)","Potion","7","Uncommon","70 gp","https://2e.aonprd.com/Equipment.aspx?Category=15&Subcategory=18","70 gp","7000","https://2e.aonprd.com/Equipment.aspx?ID=4618&NoRedirect=1","Faerie Dragon Liqueur (Young)","Treasure Vault pg. 89","legacy","7","2026-09-12"
"Hovering Potion","Potion","7","Common","55 gp","https://2e.aonprd.com/Equipment.aspx?Category=15&Subcategory=18","55 gp","5500","https://2e.aonprd.com/Equipment.aspx?ID=4619&NoRedirect=1","Hovering Potion","Treasure Vault pg. 90","legacy","7","2026-09-12"
"Ration Tonic (Greater)","Potion","7","Common","55 gp","https://2e.aonprd.com/Equipment.aspx?Category=15&Subcategory=18","55 gp","5500","https://2e.aonprd.com/Equipment.aspx?ID=723&NoRedirect=1","Ration Tonic (Greater)","Advanced Player's Guide pg. 259","legacy","7","2026-09-12"
"Serum of Sex Shift","Potion","7","Common","60 gp","https://2e.aonprd.com/Equipment.aspx?Category=15&Subcategory=18","60 gp","6000","https://2e.aonprd.com/Equipment.aspx?ID=198&NoRedirect=1","Serum of Sex Shift","Core Rulebook pg. 564","legacy","7","2026-09-12"
"Bloodhammer Reserve (Black Label)","Potion","8","Uncommon","100 gp","https://2e.aonprd.com/Equipment.aspx?Category=15&Subcategory=18","100 gp","10000","https://2e.aonprd.com/Equipment.aspx?ID=2558&NoRedirect=1","Bloodhammer Reserve (Black Label)","Highhelm pg. 86","source_unique","8","2026-09-12"
"Potion of Disguise (Moderate)","Potion","8","Uncommon","100 gp","https://2e.aonprd.com/Equipment.aspx?Category=15&Subcategory=18","100 gp","10000","https://2e.aonprd.com/Equipment.aspx?ID=719&NoRedirect=1","Potion of Disguise (Moderate)","Advanced Player's Guide pg. 258","legacy","8","2026-09-12"
"Potion of Flying","Potion","8","Common","100 gp","https://2e.aonprd.com/Equipment.aspx?Category=15&Subcategory=18","100 gp","10000","https://2e.aonprd.com/Equipment.aspx?ID=189&NoRedirect=1","Potion of Flying","Core Rulebook pg. 563","legacy","8","2026-09-12"
"Potion of Quickness","Potion","8","Common","90 gp","https://2e.aonprd.com/Equipment.aspx?Category=15&Subcategory=18","90 gp","9000","https://2e.aonprd.com/Equipment.aspx?ID=191&NoRedirect=1","Potion of Quickness","Core Rulebook pg. 563","legacy","8","2026-09-12"
"Potion of Shared Life","Potion","8","Common","95 gp","https://2e.aonprd.com/Equipment.aspx?Category=15&Subcategory=18","95 gp","9500","https://2e.aonprd.com/Equipment.aspx?ID=1030&NoRedirect=1","Potion of Shared Life","Secrets of Magic pg. 175","source_unique","8","2026-09-12"
"Quenching Potion","Potion","8","Common","85 gp","https://2e.aonprd.com/Equipment.aspx?Category=15&Subcategory=18","85 gp","8500","https://2e.aonprd.com/Equipment.aspx?ID=4622&NoRedirect=1","Quenching Potion","Treasure Vault pg. 90","legacy","8","2026-09-12"
"Roaring Potion (Lesser)","Potion","8","Common","90 gp","https://2e.aonprd.com/Equipment.aspx?Category=15&Subcategory=18","90 gp","9000","https://2e.aonprd.com/Equipment.aspx?ID=4624&NoRedirect=1","Roaring Potion (Lesser)","Treasure Vault pg. 90","legacy","8","2026-09-12"
"Shrinking Potion (Greater)","Potion","8","Common","90 gp","https://2e.aonprd.com/Equipment.aspx?Category=15&Subcategory=18","90 gp","9000","https://2e.aonprd.com/Equipment.aspx?ID=197&NoRedirect=1","Shrinking Potion (Greater)","Core Rulebook pg. 564","legacy","8","2026-09-12"
"Octopus Potion (Moderate)","Potion","9","Common","130 gp","https://2e.aonprd.com/Equipment.aspx?Category=15&Subcategory=18","130 gp","13000","https://2e.aonprd.com/Equipment.aspx?ID=2630&NoRedirect=1","Octopus Potion (Moderate)","Rage of Elements pg. 178","remaster_sans_tarif_legacy","9","2026-09-12"
"Potion of Minute Echoes","Potion","9","Common","125 gp","https://2e.aonprd.com/Equipment.aspx?Category=15&Subcategory=18","125 gp","12500","https://2e.aonprd.com/Equipment.aspx?ID=1028&NoRedirect=1","Potion of Minute Echoes","Secrets of Magic pg. 175","legacy","9","2026-09-12"
"Effervescent Decoction","Potion","10","Uncommon","160 gp","https://2e.aonprd.com/Equipment.aspx?Category=15&Subcategory=18","160 gp","16000","https://2e.aonprd.com/Equipment.aspx?ID=1608&NoRedirect=1","Effervescent Decoction","Pathfinder #180: The Smoking Gun pg. 76","source_unique","10","2026-09-12"
"Immovable Potion","Potion","10","Common","160 gp","https://2e.aonprd.com/Equipment.aspx?Category=15&Subcategory=18","160 gp","16000","https://2e.aonprd.com/Equipment.aspx?ID=4620&NoRedirect=1","Immovable Potion","Treasure Vault pg. 90","legacy","10","2026-09-12"
"Mutagenic Renovator","Potion","10","Uncommon","180 gp","https://2e.aonprd.com/Equipment.aspx?Category=15&Subcategory=18","180 gp","18000","https://2e.aonprd.com/Equipment.aspx?ID=1610&NoRedirect=1","Mutagenic Renovator","Pathfinder #180: The Smoking Gun pg. 77","source_unique","10","2026-09-12"
"Potion of Annulment (Lesser)","Potion","10","Rare","200 gp","https://2e.aonprd.com/Equipment.aspx?Category=15&Subcategory=18","200 gp","20000","https://2e.aonprd.com/Equipment.aspx?ID=1711&NoRedirect=1","Potion of Annulment (Lesser)","Pathfinder #182: Graveclaw pg. 77","source_unique","10","2026-09-12"
"Potion of Grounding","Potion","10","Common","185 gp","https://2e.aonprd.com/Equipment.aspx?Category=15&Subcategory=18","185 gp","18500","https://2e.aonprd.com/Equipment.aspx?ID=1027&NoRedirect=1","Potion of Grounding","Secrets of Magic pg. 174","legacy","10","2026-09-12"
"Potion of Resistance (Moderate)","Potion","10","Common","180 gp","https://2e.aonprd.com/Equipment.aspx?Category=15&Subcategory=18","180 gp","18000","https://2e.aonprd.com/Equipment.aspx?ID=192&NoRedirect=1","Potion of Resistance (Moderate)","Core Rulebook pg. 563","legacy","10","2026-09-12"
"Potion of Stable Form","Potion","10","Common","180 gp","https://2e.aonprd.com/Equipment.aspx?Category=15&Subcategory=18","180 gp","18000","https://2e.aonprd.com/Equipment.aspx?ID=1029&NoRedirect=1","Potion of Stable Form","Secrets of Magic pg. 175","legacy","10","2026-09-12"
"Sairazul Blue","Potion","10","Rare","180 gp","https://2e.aonprd.com/Equipment.aspx?Category=15&Subcategory=18","180 gp","18000","https://2e.aonprd.com/Equipment.aspx?ID=2594&NoRedirect=1","Sairazul Blue","Rage of Elements pg. 100","remaster_sans_tarif_legacy","10","2026-09-12"
"Tentacle Potion (Moderate)","Potion","10","Common","155 gp","https://2e.aonprd.com/Equipment.aspx?Category=15&Subcategory=18","155 gp","15500","https://2e.aonprd.com/Equipment.aspx?ID=4628&NoRedirect=1","Tentacle Potion (Moderate)","Treasure Vault pg. 91","legacy","10","2026-09-12"
"Vengeful Demon's Tears","Potion","10","Uncommon","160 gp","https://2e.aonprd.com/Equipment.aspx?Category=15&Subcategory=18","160 gp","16000","https://2e.aonprd.com/Equipment.aspx?ID=3159&NoRedirect=1","Vengeful Demon's Tears","Pathfinder #199: To Bloom Below the Web pg. 74","legacy","10","2026-09-12"
"Enigma-Sight Potion","Potion","11","Common","250 gp","https://2e.aonprd.com/Equipment.aspx?Category=15&Subcategory=18","250 gp","25000","https://2e.aonprd.com/Equipment.aspx?ID=4617&NoRedirect=1","Enigma-Sight Potion","Treasure Vault pg. 89","legacy","11","2026-09-12"
"Potion of Disguise (Greater)","Potion","11","Uncommon","300 gp","https://2e.aonprd.com/Equipment.aspx?Category=15&Subcategory=18","300 gp","30000","https://2e.aonprd.com/Equipment.aspx?ID=719&NoRedirect=1","Potion of Disguise (Greater)","Advanced Player's Guide pg. 258","legacy","11","2026-09-12"
"Potion of Swimming (Greater)","Potion","11","Common","250 gp","https://2e.aonprd.com/Equipment.aspx?Category=15&Subcategory=18","250 gp","25000","https://2e.aonprd.com/Equipment.aspx?ID=193&NoRedirect=1","Potion of Swimming (Greater)","Core Rulebook pg. 563","legacy","11","2026-09-12"
"Dragonfly Potion","Potion","12","Uncommon","310 gp","https://2e.aonprd.com/Equipment.aspx?Category=15&Subcategory=18","310 gp","31000","https://2e.aonprd.com/Equipment.aspx?ID=1272&NoRedirect=1","Dragonfly Potion","Grand Bazaar pg. 26","source_unique","12","2026-09-12"
"Elysian Dew","Potion","12","Uncommon","375 gp","https://2e.aonprd.com/Equipment.aspx?Category=15&Subcategory=18","375 gp","37500","https://2e.aonprd.com/Equipment.aspx?ID=4615&NoRedirect=1","Elysian Dew","Treasure Vault pg. 89","legacy","12","2026-09-12"
"Energy Breath Potion (Moderate)","Potion","12","Common","400 gp","https://2e.aonprd.com/Equipment.aspx?Category=15&Subcategory=18","400 gp","40000","https://2e.aonprd.com/Equipment.aspx?ID=185&NoRedirect=1","Dragon's Breath Potion (Adult)","Core Rulebook pg. 562","legacy","12","2026-09-12"
"Fey Dragonet Liqueur","Potion","12","Uncommon","400 gp","https://2e.aonprd.com/Equipment.aspx?Category=15&Subcategory=18","400 gp","40000","https://2e.aonprd.com/Equipment.aspx?ID=4618&NoRedirect=1","Faerie Dragon Liqueur (Adult)","Treasure Vault pg. 89","legacy","12","2026-09-12"
"Greater Soldier's Syrup","Potion","12","Uncommon","400 gp","https://2e.aonprd.com/Equipment.aspx?Category=15&Subcategory=18","400 gp","40000","https://2e.aonprd.com/Equipment.aspx?ID=4002&NoRedirect=1","Greater Soldier's Syrup","Pathfinder #218: Titanbane
 pg. 80","source_unique","12","2026-09-12"
"Moderate Crimson Godsblood Serum","Potion","12","Rare","400 gp","https://2e.aonprd.com/Equipment.aspx?Category=15&Subcategory=18","400 gp","40000","https://2e.aonprd.com/Equipment.aspx?ID=3762&NoRedirect=1","Moderate Crimson Godsblood Serum","Shining Kingdoms pg. 52","source_unique","12","2026-09-12"
"Phoenix Flask","Potion","12","Common","350 gp","https://2e.aonprd.com/Equipment.aspx?Category=15&Subcategory=18","350 gp","35000","https://2e.aonprd.com/Equipment.aspx?ID=1026&NoRedirect=1","Phoenix Flask","Secrets of Magic pg. 174","legacy","12","2026-09-12"
"Potion of Retaliation (Greater)","Potion","12","Common","400 gp","https://2e.aonprd.com/Equipment.aspx?Category=15&Subcategory=18","400 gp","40000","https://2e.aonprd.com/Equipment.aspx?ID=721&NoRedirect=1","Potion of Retaliation (Greater)","Advanced Player's Guide pg. 259","legacy","12","2026-09-12"
"Potion of Truespeech","Potion","12","Uncommon","320 gp","https://2e.aonprd.com/Equipment.aspx?Category=15&Subcategory=18","320 gp","32000","https://2e.aonprd.com/Equipment.aspx?ID=194&NoRedirect=1","Potion of Tongues","Core Rulebook pg. 563","legacy","12","2026-09-12"
"Cayden's Brew (Double)","Potion","13","Common","480 gp","https://2e.aonprd.com/Equipment.aspx?Category=15&Subcategory=18","480 gp","48000","https://2e.aonprd.com/Equipment.aspx?ID=4612&NoRedirect=1","Cayden's Brew (Double)","Treasure Vault pg. 88","legacy","13","2026-09-12"
"Octopus Potion (Greater)","Potion","13","Common","500 gp","https://2e.aonprd.com/Equipment.aspx?Category=15&Subcategory=18","500 gp","50000","https://2e.aonprd.com/Equipment.aspx?ID=2630&NoRedirect=1","Octopus Potion (Greater)","Rage of Elements pg. 178","remaster_sans_tarif_legacy","13","2026-09-12"
"Panacea","Potion","13","Uncommon","450 gp","https://2e.aonprd.com/Equipment.aspx?Category=15&Subcategory=18","450 gp","45000","https://2e.aonprd.com/Equipment.aspx?ID=188&NoRedirect=1","Panacea","Core Rulebook pg. 563","legacy","13","2026-09-12"
"Roaring Potion (Moderate)","Potion","13","Common","550 gp","https://2e.aonprd.com/Equipment.aspx?Category=15&Subcategory=18","550 gp","55000","https://2e.aonprd.com/Equipment.aspx?ID=4624&NoRedirect=1","Roaring Potion (Moderate)","Treasure Vault pg. 90","legacy","13","2026-09-12"
"Rovagug's Mud","Potion","13","Common","600 gp","https://2e.aonprd.com/Equipment.aspx?Category=15&Subcategory=18","600 gp","60000","https://2e.aonprd.com/Equipment.aspx?ID=4625&NoRedirect=1","Rovagug's Mud","Treasure Vault pg. 91","legacy","13","2026-09-12"
"Time Shield Potion","Potion","13","Common","600 gp","https://2e.aonprd.com/Equipment.aspx?Category=15&Subcategory=18","600 gp","60000","https://2e.aonprd.com/Equipment.aspx?ID=726&NoRedirect=1","Time Shield Potion","Advanced Player's Guide pg. 259","legacy","13","2026-09-12"
"Potion of Resistance (Greater)","Potion","14","Common","850 gp","https://2e.aonprd.com/Equipment.aspx?Category=15&Subcategory=18","850 gp","85000","https://2e.aonprd.com/Equipment.aspx?ID=192&NoRedirect=1","Potion of Resistance (Greater)","Core Rulebook pg. 563","legacy","14","2026-09-12"
"Tentacle Potion (Greater)","Potion","14","Common","660 gp","https://2e.aonprd.com/Equipment.aspx?Category=15&Subcategory=18","660 gp","66000","https://2e.aonprd.com/Equipment.aspx?ID=4628&NoRedirect=1","Tentacle Potion (Greater)","Treasure Vault pg. 91","legacy","14","2026-09-12"
"Potion of Annulment (Moderate)","Potion","15","Rare","1,300 gp","https://2e.aonprd.com/Equipment.aspx?Category=15&Subcategory=18","1,300 gp","130000","https://2e.aonprd.com/Equipment.aspx?ID=1711&NoRedirect=1","Potion of Annulment (Moderate)","Pathfinder #182: Graveclaw pg. 77","source_unique","15","2026-09-12"
"Potion of Flying (Greater)","Potion","15","Common","1,000 gp","https://2e.aonprd.com/Equipment.aspx?Category=15&Subcategory=18","1,000 gp","100000","https://2e.aonprd.com/Equipment.aspx?ID=189&NoRedirect=1","Potion of Flying (Greater)","Core Rulebook pg. 563","legacy","15","2026-09-12"
"Potion of Stable Form (Greater)","Potion","16","Common","1,800 gp","https://2e.aonprd.com/Equipment.aspx?Category=15&Subcategory=18","1,800 gp","180000","https://2e.aonprd.com/Equipment.aspx?ID=1029&NoRedirect=1","Potion of Stable Form (Greater)","Secrets of Magic pg. 175","legacy","16","2026-09-12"
"Truesight Potion","Potion","16","Common","1,500 gp","https://2e.aonprd.com/Equipment.aspx?Category=15&Subcategory=18","1,500 gp","150000","https://2e.aonprd.com/Equipment.aspx?ID=199&NoRedirect=1","Truesight Potion","Core Rulebook pg. 564","legacy","16","2026-09-12"
"Energy Breath Potion (Greater)","Potion","17","Common","3,000 gp","https://2e.aonprd.com/Equipment.aspx?Category=15&Subcategory=18","3,000 gp","300000","https://2e.aonprd.com/Equipment.aspx?ID=185&NoRedirect=1","Dragon's Breath Potion (Wyrm)","Core Rulebook pg. 562","legacy","17","2026-09-12"
"Fey Dragonet Liqueur (Greater)","Potion","17","Uncommon","3,000 gp","https://2e.aonprd.com/Equipment.aspx?Category=15&Subcategory=18","3,000 gp","300000","https://2e.aonprd.com/Equipment.aspx?ID=4618&NoRedirect=1","Faerie Dragon Liqueur (Wyrm)","Treasure Vault pg. 89","legacy","17","2026-09-12"
"Cayden's Brew (Triple)","Potion","18","Common","3,200 gp","https://2e.aonprd.com/Equipment.aspx?Category=15&Subcategory=18","3,200 gp","320000","https://2e.aonprd.com/Equipment.aspx?ID=4612&NoRedirect=1","Cayden's Brew (Triple)","Treasure Vault pg. 88","legacy","18","2026-09-12"
"Greater Crimson Godsblood Serum","Potion","18","Rare","5,000 gp","https://2e.aonprd.com/Equipment.aspx?Category=15&Subcategory=18","5,000 gp","500000","https://2e.aonprd.com/Equipment.aspx?ID=3762&NoRedirect=1","Greater Crimson Godsblood Serum","Shining Kingdoms pg. 52","source_unique","18","2026-09-12"
"Healing Potion (Major)","Potion","18","Common","5,000 gp","https://2e.aonprd.com/Equipment.aspx?Category=15&Subcategory=18","5,000 gp","500000","https://2e.aonprd.com/Equipment.aspx?ID=186&NoRedirect=1","Healing Potion (Major)","Core Rulebook pg. 563","legacy","18","2026-09-12"
"Major Soldier's Syrup","Potion","18","Uncommon","5,000 gp","https://2e.aonprd.com/Equipment.aspx?Category=15&Subcategory=18","5,000 gp","500000","https://2e.aonprd.com/Equipment.aspx?ID=4002&NoRedirect=1","Major Soldier's Syrup","Pathfinder #218: Titanbane
 pg. 80","source_unique","18","2026-09-12"
"Potion of Retaliation (Major)","Potion","18","Common","5,000 gp","https://2e.aonprd.com/Equipment.aspx?Category=15&Subcategory=18","5,000 gp","500000","https://2e.aonprd.com/Equipment.aspx?ID=721&NoRedirect=1","Potion of Retaliation (Major)","Advanced Player's Guide pg. 259","legacy","18","2026-09-12"
"Potion of Undetectability","Potion","18","Common","4,400 gp","https://2e.aonprd.com/Equipment.aspx?Category=15&Subcategory=18","4,400 gp","440000","https://2e.aonprd.com/Equipment.aspx?ID=195&NoRedirect=1","Potion of Undetectability","Core Rulebook pg. 563","legacy","18","2026-09-12"
"Roaring Potion (Greater)","Potion","18","Common","3,600 gp","https://2e.aonprd.com/Equipment.aspx?Category=15&Subcategory=18","3,600 gp","360000","https://2e.aonprd.com/Equipment.aspx?ID=4624&NoRedirect=1","Roaring Potion (Greater)","Treasure Vault pg. 90","legacy","18","2026-09-12"
"Rovagug's Mud (Greater)","Potion","18","Common","4,800 gp","https://2e.aonprd.com/Equipment.aspx?Category=15&Subcategory=18","4,800 gp","480000","https://2e.aonprd.com/Equipment.aspx?ID=4625&NoRedirect=1","Rovagug's Mud (Greater)","Treasure Vault pg. 91","legacy","18","2026-09-12"
"Potion of Annulment (Greater)","Potion","20","Rare","13,000 gp","https://2e.aonprd.com/Equipment.aspx?Category=15&Subcategory=18","13,000 gp","1300000","https://2e.aonprd.com/Equipment.aspx?ID=1711&NoRedirect=1","Potion of Annulment (Greater)","Pathfinder #182: Graveclaw pg. 77","source_unique","20","2026-09-12"
"Starsong Nectar","Potion","20","Rare","14,000 gp","https://2e.aonprd.com/Equipment.aspx?Category=15&Subcategory=18","14,000 gp","1400000","https://2e.aonprd.com/Equipment.aspx?ID=4626&NoRedirect=1","Starsong Nectar","Treasure Vault pg. 91","legacy","20","2026-09-12"
"Digly's Oil of Sympathy (Minor)","Huile","1","Rare","40 gp","https://2e.aonprd.com/Equipment.aspx?Category=15&Subcategory=17","40 gp","4000","https://2e.aonprd.com/Equipment.aspx?ID=3586&NoRedirect=1","Digly's Oil of Sympathy (Minor)","NPC Core pg. 65","source_unique","1","2026-09-12"
"Merciful Balm","Huile","1","Common","3 gp","https://2e.aonprd.com/Equipment.aspx?Category=15&Subcategory=17","5 gp","500","https://2e.aonprd.com/Equipment.aspx?ID=4605&NoRedirect=1","Merciful Balm","Treasure Vault pg. 86","legacy","1","2026-09-12"
"Nectar of Purification","Huile","1","Common","3 gp","https://2e.aonprd.com/Equipment.aspx?Category=15&Subcategory=17","3 gp","300","https://2e.aonprd.com/Equipment.aspx?ID=174&NoRedirect=1","Nectar of Purification","Core Rulebook pg. 561","legacy","1","2026-09-12"
"Oil of Unlife (Minor)","Huile","1","Common","4 gp","https://2e.aonprd.com/Equipment.aspx?Category=15&Subcategory=17","4 gp","400","https://2e.aonprd.com/Equipment.aspx?ID=718&NoRedirect=1","Oil of Unlife (Minor)","Advanced Player's Guide pg. 258","legacy","1","2026-09-12"
"Shielding Salve","Huile","1","Common","4 gp","https://2e.aonprd.com/Equipment.aspx?Category=15&Subcategory=17","4 gp","400","https://2e.aonprd.com/Equipment.aspx?ID=724&NoRedirect=1","Shielding Salve","Advanced Player's Guide pg. 259","legacy","1","2026-09-12"
"Anticorrosion Oil","Huile","2","Common","6 gp","https://2e.aonprd.com/Equipment.aspx?Category=15&Subcategory=17","6 gp","600","https://2e.aonprd.com/Equipment.aspx?ID=4600&NoRedirect=1","Anticorrosion Oil","Treasure Vault pg. 86","legacy","2","2026-09-12"
"Oil of Potency","Huile","2","Common","7 gp","https://2e.aonprd.com/Equipment.aspx?Category=15&Subcategory=17","7 gp","700","https://2e.aonprd.com/Equipment.aspx?ID=179&NoRedirect=1","Oil of Potency","Core Rulebook pg. 562","legacy","2","2026-09-12"
"Oil of Skating","Huile","2","Common","5 gp","https://2e.aonprd.com/Equipment.aspx?Category=15&Subcategory=17","5 gp","500","https://2e.aonprd.com/Equipment.aspx?ID=4607&NoRedirect=1","Oil of Skating","Treasure Vault pg. 87","legacy","2","2026-09-12"
"Oil of Weightlessness","Huile","2","Common","6 gp","https://2e.aonprd.com/Equipment.aspx?Category=15&Subcategory=17","6 gp","600","https://2e.aonprd.com/Equipment.aspx?ID=181&NoRedirect=1","Oil of Weightlessness","Core Rulebook pg. 562","legacy","2","2026-09-12"
"Bane Oil","Huile","3","Uncommon","12 gp","https://2e.aonprd.com/Equipment.aspx?Category=15&Subcategory=17","12 gp","1200","https://2e.aonprd.com/Equipment.aspx?ID=4601&NoRedirect=1","Bane Oil","Treasure Vault pg. 86","legacy","3","2026-09-12"
"Burial Oil","Huile","3","Uncommon","10 gp","https://2e.aonprd.com/Equipment.aspx?Category=15&Subcategory=17","10 gp","1000","https://2e.aonprd.com/Equipment.aspx?ID=4602&NoRedirect=1","Disrupting Oil","Treasure Vault pg. 86","legacy","3","2026-09-12"
"Digly's Oil of Sympathy (Lesser)","Huile","3","Rare","12 gp","https://2e.aonprd.com/Equipment.aspx?Category=15&Subcategory=17","12 gp","1200","https://2e.aonprd.com/Equipment.aspx?ID=3586&NoRedirect=1","Digly's Oil of Sympathy (Lesser)","NPC Core pg. 65","source_unique","3","2026-09-12"
"Life-Boosting Oil (Lesser)","Huile","3","Uncommon","12 gp","https://2e.aonprd.com/Equipment.aspx?Category=15&Subcategory=17","12 gp","1200","https://2e.aonprd.com/Equipment.aspx?ID=4604&NoRedirect=1","Life-Boosting Oil (Lesser)","Treasure Vault pg. 86","legacy","3","2026-09-12"
"Oil of Mending","Huile","3","Common","9 gp","https://2e.aonprd.com/Equipment.aspx?Category=15&Subcategory=17","9 gp","900","https://2e.aonprd.com/Equipment.aspx?ID=178&NoRedirect=1","Oil of Mending","Core Rulebook pg. 561","legacy","3","2026-09-12"
"Oil of Unlife (Lesser)","Huile","3","Common","12 gp","https://2e.aonprd.com/Equipment.aspx?Category=15&Subcategory=17","12 gp","1200","https://2e.aonprd.com/Equipment.aspx?ID=718&NoRedirect=1","Oil of Unlife (Lesser)","Advanced Player's Guide pg. 258","legacy","3","2026-09-12"
"Serpent Oil (Lesser)","Huile","3","Common","8 gp","https://2e.aonprd.com/Equipment.aspx?Category=15&Subcategory=17","8 gp","800","https://2e.aonprd.com/Equipment.aspx?ID=4609&NoRedirect=1","Serpent Oil (Lesser)","Treasure Vault pg. 87","legacy","3","2026-09-12"
"Anointing Oil","Huile","4","Uncommon","18 gp","https://2e.aonprd.com/Equipment.aspx?Category=15&Subcategory=17","18 gp","1800","https://2e.aonprd.com/Equipment.aspx?ID=1563&NoRedirect=1","Anointing Oil","Knights of Lastwall pg. 88","source_unique","4","2026-09-12"
"Ghost Oil","Huile","4","Common","18 gp","https://2e.aonprd.com/Equipment.aspx?Category=15&Subcategory=17","18 gp","1800","https://2e.aonprd.com/Equipment.aspx?ID=1571&NoRedirect=1","Ghost Oil","Knights of Lastwall pg. 90","source_unique","4","2026-09-12"
"Restful Salve","Huile","5","Uncommon","30 gp","https://2e.aonprd.com/Equipment.aspx?Category=15&Subcategory=17","30 gp","3000","https://2e.aonprd.com/Equipment.aspx?ID=4175&NoRedirect=1","Restful Salve","Pathfinder #222: Hellbreakers pg. 210","source_unique","5","2026-09-12"
"Serpent Oil (Moderate)","Huile","5","Common","24 gp","https://2e.aonprd.com/Equipment.aspx?Category=15&Subcategory=17","24 gp","2400","https://2e.aonprd.com/Equipment.aspx?ID=4609&NoRedirect=1","Serpent Oil (Moderate)","Treasure Vault pg. 87","legacy","5","2026-09-12"
"Statue Skin Salve","Huile","5","Uncommon","25 gp","https://2e.aonprd.com/Equipment.aspx?Category=15&Subcategory=17","25 gp","2500","https://2e.aonprd.com/Equipment.aspx?ID=2520&NoRedirect=1","Statue Skin Salve","The Enmity Cycle pg. 61","source_unique","5","2026-09-12"
"Tricky Liniment","Huile","5","Common","25 gp","https://2e.aonprd.com/Equipment.aspx?Category=15&Subcategory=17","25 gp","2500","https://2e.aonprd.com/Equipment.aspx?ID=183&NoRedirect=1","Salve of Slipperiness","Core Rulebook pg. 562","legacy","5","2026-09-12"
"Wounding Oil","Huile","5","Uncommon","45 gp","https://2e.aonprd.com/Equipment.aspx?Category=15&Subcategory=17","45 gp","4500","https://2e.aonprd.com/Equipment.aspx?ID=4611&NoRedirect=1","Wounding Oil","Treasure Vault pg. 87","legacy","5","2026-09-12"
"Cindergrass Poultice","Huile","6","Uncommon","33 gp","https://2e.aonprd.com/Equipment.aspx?Category=15&Subcategory=17","33 gp","3300","https://2e.aonprd.com/Equipment.aspx?ID=3671&NoRedirect=1","Cindergrass Poultice","Pathfinder #208: Hoof, Cinder, and Storm pg. 80","source_unique","6","2026-09-12"
"Digly's Oil of Sympathy (Moderate)","Huile","6","Rare","50 gp","https://2e.aonprd.com/Equipment.aspx?Category=15&Subcategory=17","50 gp","5000","https://2e.aonprd.com/Equipment.aspx?ID=3586&NoRedirect=1","Digly's Oil of Sympathy (Moderate)","NPC Core pg. 65","source_unique","6","2026-09-12"
"Oil of Swiftness","Huile","6","Uncommon","50 gp","https://2e.aonprd.com/Equipment.aspx?Category=15&Subcategory=17","50 gp","5000","https://2e.aonprd.com/Equipment.aspx?ID=4608&NoRedirect=1","Oil of Swiftness","Treasure Vault pg. 87","legacy","6","2026-09-12"
"Oil of Unlife (Moderate)","Huile","6","Common","50 gp","https://2e.aonprd.com/Equipment.aspx?Category=15&Subcategory=17","50 gp","5000","https://2e.aonprd.com/Equipment.aspx?ID=718&NoRedirect=1","Oil of Unlife (Moderate)","Advanced Player's Guide pg. 258","legacy","6","2026-09-12"
"Oil of Weightlessness (Greater)","Huile","6","Common","36 gp","https://2e.aonprd.com/Equipment.aspx?Category=15&Subcategory=17","36 gp","3600","https://2e.aonprd.com/Equipment.aspx?ID=181&NoRedirect=1","Oil of Weightlessness (Greater)","Core Rulebook pg. 562","legacy","6","2026-09-12"
"Salve of Antiparalysis","Huile","6","Common","40 gp","https://2e.aonprd.com/Equipment.aspx?Category=15&Subcategory=17","40 gp","4000","https://2e.aonprd.com/Equipment.aspx?ID=182&NoRedirect=1","Salve of Antiparalysis","Core Rulebook pg. 562","legacy","6","2026-09-12"
"Life-Boosting Oil (Moderate)","Huile","7","Uncommon","70 gp","https://2e.aonprd.com/Equipment.aspx?Category=15&Subcategory=17","70 gp","7000","https://2e.aonprd.com/Equipment.aspx?ID=4604&NoRedirect=1","Life-Boosting Oil (Moderate)","Treasure Vault pg. 86","legacy","7","2026-09-12"
"Saints' Balm","Huile","7","Uncommon","70 gp","https://2e.aonprd.com/Equipment.aspx?Category=15&Subcategory=17","70 gp","7000","https://2e.aonprd.com/Equipment.aspx?ID=590&NoRedirect=1","Saints' Balm","Pathfinder #152: Legacy of the Lost God pg. 75","source_unique","7","2026-09-12"
"Serpent Oil (Greater)","Huile","7","Common","56 gp","https://2e.aonprd.com/Equipment.aspx?Category=15&Subcategory=17","56 gp","5600","https://2e.aonprd.com/Equipment.aspx?ID=4609&NoRedirect=1","Serpent Oil (Greater)","Treasure Vault pg. 87","legacy","7","2026-09-12"
"Topology Protoplasm","Huile","7","Common","70 gp","https://2e.aonprd.com/Equipment.aspx?Category=15&Subcategory=17","70 gp","7000","https://2e.aonprd.com/Equipment.aspx?ID=1035&NoRedirect=1","Topology Protoplasm","Secrets of Magic pg. 176","legacy","7","2026-09-12"
"Weapon-Weird Oil","Huile","7","Common","55 gp","https://2e.aonprd.com/Equipment.aspx?Category=15&Subcategory=17","55 gp","5500","https://2e.aonprd.com/Equipment.aspx?ID=4610&NoRedirect=1","Weapon-Weird Oil","Treasure Vault pg. 87","legacy","7","2026-09-12"
"Oil of Dynamism","Huile","8","Uncommon","85 gp","https://2e.aonprd.com/Equipment.aspx?Category=15&Subcategory=17","85 gp","8500","https://2e.aonprd.com/Equipment.aspx?ID=716&NoRedirect=1","Oil of Object Animation","Advanced Player's Guide pg. 258","legacy","8","2026-09-12"
"Ghostly Portal Paint","Huile","9","Uncommon","120 gp","https://2e.aonprd.com/Equipment.aspx?Category=15&Subcategory=17","120 gp","12000","https://2e.aonprd.com/Equipment.aspx?ID=1022&NoRedirect=1","Ghostly Portal Paint","Secrets of Magic pg. 173","legacy","9","2026-09-12"
"Oil of Corpse Restoration","Huile","9","Uncommon","150 gp","https://2e.aonprd.com/Equipment.aspx?Category=15&Subcategory=17","150 gp","15000","https://2e.aonprd.com/Equipment.aspx?ID=2421&NoRedirect=1","Oil of Corpse Restoration","Pathfinder #189: Dreamers of the Nameless Spires pg. 77","legacy","9","2026-09-12"
"Anointing Oil (Greater)","Huile","10","Uncommon","180 gp","https://2e.aonprd.com/Equipment.aspx?Category=15&Subcategory=17","180 gp","18000","https://2e.aonprd.com/Equipment.aspx?ID=1563&NoRedirect=1","Anointing Oil (Greater)","Knights of Lastwall pg. 88","source_unique","10","2026-09-12"
"Panaceatic Salve","Huile","10","Uncommon","155 gp","https://2e.aonprd.com/Equipment.aspx?Category=15&Subcategory=17","155 gp","15500","https://2e.aonprd.com/Equipment.aspx?ID=3155&NoRedirect=1","Panaceatic Salve","Pathfinder #199: To Bloom Below the Web pg. 74","legacy","10","2026-09-12"
"Burial Oil (Greater)","Huile","11","Uncommon","250 gp","https://2e.aonprd.com/Equipment.aspx?Category=15&Subcategory=17","250 gp","25000","https://2e.aonprd.com/Equipment.aspx?ID=4602&NoRedirect=1","Disrupting Oil (Greater)","Treasure Vault pg. 86","legacy","11","2026-09-12"
"Fundamental Oil","Huile","11","Uncommon","220 gp","https://2e.aonprd.com/Equipment.aspx?Category=15&Subcategory=17","220 gp","22000","https://2e.aonprd.com/Equipment.aspx?ID=4603&NoRedirect=1","Fundamental Oil","Treasure Vault pg. 86","legacy","11","2026-09-12"
"Life-Boosting Oil (Greater)","Huile","11","Uncommon","300 gp","https://2e.aonprd.com/Equipment.aspx?Category=15&Subcategory=17","300 gp","30000","https://2e.aonprd.com/Equipment.aspx?ID=4604&NoRedirect=1","Life-Boosting Oil (Greater)","Treasure Vault pg. 86","legacy","11","2026-09-12"
"Oil of Keen Edges","Huile","11","Uncommon","250 gp","https://2e.aonprd.com/Equipment.aspx?Category=15&Subcategory=17","250 gp","25000","https://2e.aonprd.com/Equipment.aspx?ID=177&NoRedirect=1","Oil of Keen Edges","Core Rulebook pg. 561","legacy","11","2026-09-12"
"Oil of Ownership (Greater)","Huile","11","Common","210 gp","https://2e.aonprd.com/Equipment.aspx?Category=15&Subcategory=17","210 gp","21000","https://2e.aonprd.com/Equipment.aspx?ID=4606&NoRedirect=1","Oil of Ownership (Greater)","Treasure Vault pg. 87","legacy","11","2026-09-12"
"Serpent Oil (Major)","Huile","11","Common","225 gp","https://2e.aonprd.com/Equipment.aspx?Category=15&Subcategory=17","225 gp","22500","https://2e.aonprd.com/Equipment.aspx?ID=4609&NoRedirect=1","Serpent Oil (Major)","Treasure Vault pg. 87","legacy","11","2026-09-12"
"Digly's Oil of Sympathy (Greater)","Huile","12","Rare","400 gp","https://2e.aonprd.com/Equipment.aspx?Category=15&Subcategory=17","400 gp","40000","https://2e.aonprd.com/Equipment.aspx?ID=3586&NoRedirect=1","Digly's Oil of Sympathy (Greater)","NPC Core pg. 65","source_unique","12","2026-09-12"
"Oil of Animation","Huile","12","Uncommon","330 gp","https://2e.aonprd.com/Equipment.aspx?Category=15&Subcategory=17","330 gp","33000","https://2e.aonprd.com/Equipment.aspx?ID=176&NoRedirect=1","Oil of Animation","Core Rulebook pg. 561","legacy","12","2026-09-12"
"Oil of Potency (Greater)","Huile","12","Common","400 gp","https://2e.aonprd.com/Equipment.aspx?Category=15&Subcategory=17","400 gp","40000","https://2e.aonprd.com/Equipment.aspx?ID=2936&NoRedirect=1","Oil of Potency (Greater)","GM Core pg. 257","remaster_sans_tarif_legacy","12","2026-09-12"
"Salve of Antiparalysis (Greater)","Huile","12","Common","325 gp","https://2e.aonprd.com/Equipment.aspx?Category=15&Subcategory=17","325 gp","32500","https://2e.aonprd.com/Equipment.aspx?ID=182&NoRedirect=1","Salve of Antiparalysis (Greater)","Core Rulebook pg. 562","legacy","12","2026-09-12"
"Life-Boosting Oil (Major)","Huile","15","Uncommon","1,300 gp","https://2e.aonprd.com/Equipment.aspx?Category=15&Subcategory=17","1,300 gp","130000","https://2e.aonprd.com/Equipment.aspx?ID=4604&NoRedirect=1","Life-Boosting Oil (Major)","Treasure Vault pg. 86","legacy","15","2026-09-12"
"Obfuscation Oil","Huile","15","Common","1,200 gp","https://2e.aonprd.com/Equipment.aspx?Category=15&Subcategory=17","1,200 gp","120000","https://2e.aonprd.com/Equipment.aspx?ID=175&NoRedirect=1","Obfuscation Oil","Core Rulebook pg. 561","legacy","15","2026-09-12"
"Serpent Oil (True)","Huile","15","Common","1,100 gp","https://2e.aonprd.com/Equipment.aspx?Category=15&Subcategory=17","1,100 gp","110000","https://2e.aonprd.com/Equipment.aspx?ID=4609&NoRedirect=1","Serpent Oil (True)","Treasure Vault pg. 87","legacy","15","2026-09-12"
"Oil of Dynamism (Greater)","Huile","16","Uncommon","1,400 gp","https://2e.aonprd.com/Equipment.aspx?Category=15&Subcategory=17","1,400 gp","140000","https://2e.aonprd.com/Equipment.aspx?ID=716&NoRedirect=1","Oil of Object Animation (Greater)","Advanced Player's Guide pg. 258","legacy","16","2026-09-12"
"Digly's Oil of Sympathy (Major)","Huile","18","Rare","5,000 gp","https://2e.aonprd.com/Equipment.aspx?Category=15&Subcategory=17","5,000 gp","500000","https://2e.aonprd.com/Equipment.aspx?ID=3586&NoRedirect=1","Digly's Oil of Sympathy (Major)","NPC Core pg. 65","source_unique","18","2026-09-12"
"Oil of Unlife (Major)","Huile","18","Common","5,000 gp","https://2e.aonprd.com/Equipment.aspx?Category=15&Subcategory=17","5,000 gp","500000","https://2e.aonprd.com/Equipment.aspx?ID=718&NoRedirect=1","Oil of Unlife (Major)","Advanced Player's Guide pg. 258","legacy","18","2026-09-12"
"Oil of Potency (Major)","Huile","19","Common","8,000 gp","https://2e.aonprd.com/Equipment.aspx?Category=15&Subcategory=17","8,000 gp","800000","https://2e.aonprd.com/Equipment.aspx?ID=2936&NoRedirect=1","Oil of Potency (Major)","GM Core pg. 257","remaster_sans_tarif_legacy","19","2026-09-12"
"Antimagic Oil","Huile","20","Rare","13,000 gp","https://2e.aonprd.com/Equipment.aspx?Category=15&Subcategory=17","13,000 gp","1300000","https://2e.aonprd.com/Equipment.aspx?ID=172&NoRedirect=1","Antimagic Oil","Core Rulebook pg. 561","legacy","20","2026-09-12"
"Addiction Suppressant (Lesser)","Élixir","1","Rare","2 gp","https://2e.aonprd.com/Equipment.aspx?Category=6&Subcategory=8","2 gp","200","https://2e.aonprd.com/Equipment.aspx?ID=4489&NoRedirect=1","Addiction Suppressant (Lesser)","Treasure Vault pg. 58","legacy","1","2026-09-12"
"Affliction Suppressant (Lesser)","Élixir","1","Common","3 gp","https://2e.aonprd.com/Equipment.aspx?Category=6&Subcategory=8","2 gp","200","https://2e.aonprd.com/Equipment.aspx?ID=4489&NoRedirect=1","Addiction Suppressant (Lesser)","Treasure Vault pg. 58","legacy","1","2026-09-12"
"Antidote (Lesser)","Élixir","1","Common","3 gp","https://2e.aonprd.com/Equipment.aspx?Category=6&Subcategory=8","3 gp","300","https://2e.aonprd.com/Equipment.aspx?ID=80&NoRedirect=1","Antidote (Lesser)","Core Rulebook pg. 546","legacy","1","2026-09-12"
"Antiplague (Lesser)","Élixir","1","Common","3 gp","https://2e.aonprd.com/Equipment.aspx?Category=6&Subcategory=8","3 gp","300","https://2e.aonprd.com/Equipment.aspx?ID=81&NoRedirect=1","Antiplague (Lesser)","Core Rulebook pg. 546","legacy","1","2026-09-12"
"Bendy-Arm Mutagen (Lesser)","Élixir","1","Common","3 gp","https://2e.aonprd.com/Equipment.aspx?Category=6&Subcategory=8","3 gp","300","https://2e.aonprd.com/Equipment.aspx?ID=4491&NoRedirect=1","Choker-Arm Mutagen (Lesser)","Treasure Vault pg. 59","legacy","1","2026-09-12"
"Bestial Mutagen (Lesser)","Élixir","1","Common","4 gp","https://2e.aonprd.com/Equipment.aspx?Category=6&Subcategory=8","4 gp","400","https://2e.aonprd.com/Equipment.aspx?ID=82&NoRedirect=1","Bestial Mutagen (Lesser)","Core Rulebook pg. 546","legacy","1","2026-09-12"
"Cheetah's Elixir (Lesser)","Élixir","1","Common","3 gp","https://2e.aonprd.com/Equipment.aspx?Category=6&Subcategory=8","3 gp","300","https://2e.aonprd.com/Equipment.aspx?ID=86&NoRedirect=1","Cheetah's Elixir (Lesser)","Core Rulebook pg. 547","legacy","1","2026-09-12"
"Cognitive Mutagen (Lesser)","Élixir","1","Common","4 gp","https://2e.aonprd.com/Equipment.aspx?Category=6&Subcategory=8","4 gp","400","https://2e.aonprd.com/Equipment.aspx?ID=87&NoRedirect=1","Cognitive Mutagen (Lesser)","Core Rulebook pg. 547","legacy","1","2026-09-12"
"Deadweight Mutagen (Lesser)","Élixir","1","Common","3 gp","https://2e.aonprd.com/Equipment.aspx?Category=6&Subcategory=8","3 gp","300","https://2e.aonprd.com/Equipment.aspx?ID=4494&NoRedirect=1","Deadweight Mutagen (Lesser)","Treasure Vault pg. 59","legacy","1","2026-09-12"
"Drakeheart Mutagen (Lesser)","Élixir","1","Common","4 gp","https://2e.aonprd.com/Equipment.aspx?Category=6&Subcategory=8","4 gp","400","https://2e.aonprd.com/Equipment.aspx?ID=688&NoRedirect=1","Drakeheart Mutagen (Lesser)","Advanced Player's Guide pg. 253","legacy","1","2026-09-12"
"Eagle-Eye Elixir (Lesser)","Élixir","1","Common","4 gp","https://2e.aonprd.com/Equipment.aspx?Category=6&Subcategory=8","4 gp","400","https://2e.aonprd.com/Equipment.aspx?ID=90&NoRedirect=1","Eagle-Eye Elixir (Lesser)","Core Rulebook pg. 548","legacy","1","2026-09-12"
"Elixir of Gender Transformation (Lesser)","Élixir","1","Common","1 gp","https://2e.aonprd.com/Equipment.aspx?Category=6&Subcategory=8","1 gp","100","https://2e.aonprd.com/Equipment.aspx?ID=3307&NoRedirect=1","Elixir of Gender Transformation (Lesser)","Player Core 2 pg. 287","remaster_sans_tarif_legacy","1","2026-09-12"
"Elixir of Life (Minor)","Élixir","1","Common","3 gp","https://2e.aonprd.com/Equipment.aspx?Category=6&Subcategory=8","3 gp","300","https://2e.aonprd.com/Equipment.aspx?ID=91&NoRedirect=1","Elixir of Life (Minor)","Core Rulebook pg. 548","legacy","1","2026-09-12"
"Elsie's Excellent Bottled Vim","Élixir","1","Rare","3 gp","https://2e.aonprd.com/Equipment.aspx?Category=6&Subcategory=8","3 gp","300","https://2e.aonprd.com/Equipment.aspx?ID=2695&NoRedirect=1","Elsie's Excellent Bottled Vim","Rusthenge pg. 59","source_unique","1","2026-09-12"
"Energy Mutagen (Lesser)","Élixir","1","Common","4 gp","https://2e.aonprd.com/Equipment.aspx?Category=6&Subcategory=8","4 sp","40","https://2e.aonprd.com/Equipment.aspx?ID=4495&NoRedirect=1","Energy Mutagen (Lesser)","Treasure Vault pg. 60","legacy","1","2026-09-12"
"Juggernaut Mutagen (Lesser)","Élixir","1","Common","4 gp","https://2e.aonprd.com/Equipment.aspx?Category=6&Subcategory=8","4 gp","400","https://2e.aonprd.com/Equipment.aspx?ID=94&NoRedirect=1","Juggernaut Mutagen (Lesser)","Core Rulebook pg. 548","legacy","1","2026-09-12"
"Leaper's Elixir (Lesser)","Élixir","1","Common","3 gp","https://2e.aonprd.com/Equipment.aspx?Category=6&Subcategory=8","3 gp","300","https://2e.aonprd.com/Equipment.aspx?ID=95&NoRedirect=1","Leaper's Elixir (Lesser)","Core Rulebook pg. 549","source_unique","1","2026-09-12"
"Numbing Tonic (Minor)","Élixir","1","Common","4 gp","https://2e.aonprd.com/Equipment.aspx?Category=6&Subcategory=8","4 gp","400","https://2e.aonprd.com/Equipment.aspx?ID=4496&NoRedirect=1","Numbing Tonic (Minor)","Treasure Vault pg. 60","legacy","1","2026-09-12"
"Quicksilver Mutagen (Lesser)","Élixir","1","Common","4 gp","https://2e.aonprd.com/Equipment.aspx?Category=6&Subcategory=8","4 gp","400","https://2e.aonprd.com/Equipment.aspx?ID=97&NoRedirect=1","Quicksilver Mutagen (Lesser)","Core Rulebook pg. 549","legacy","1","2026-09-12"
"Sanguine Mutagen (Lesser)","Élixir","1","Common","3 gp","https://2e.aonprd.com/Equipment.aspx?Category=6&Subcategory=8","3 gp","300","https://2e.aonprd.com/Equipment.aspx?ID=4497&NoRedirect=1","Sanguine Mutagen (Lesser)","Treasure Vault pg. 60","legacy","1","2026-09-12"
"Serene Mutagen (Lesser)","Élixir","1","Common","4 gp","https://2e.aonprd.com/Equipment.aspx?Category=6&Subcategory=8","4 gp","400","https://2e.aonprd.com/Equipment.aspx?ID=100&NoRedirect=1","Serene Mutagen (Lesser)","Core Rulebook pg. 549","legacy","1","2026-09-12"
"Silvertongue Mutagen (Lesser)","Élixir","1","Common","4 gp","https://2e.aonprd.com/Equipment.aspx?Category=6&Subcategory=8","4 gp","400","https://2e.aonprd.com/Equipment.aspx?ID=101&NoRedirect=1","Silvertongue Mutagen (Lesser)","Core Rulebook pg. 550","legacy","1","2026-09-12"
"Skeptic's Elixir (Lesser)","Élixir","1","Uncommon","4 gp","https://2e.aonprd.com/Equipment.aspx?Category=6&Subcategory=8","4 gp","400","https://2e.aonprd.com/Equipment.aspx?ID=917&NoRedirect=1","Skeptic's Elixir (Lesser)","Pathfinder #163: Ruins of Gauntlight pg. 78","source_unique","1","2026-09-12"
"Theatrical Mutagen (Lesser)","Élixir","1","Common","3 gp","https://2e.aonprd.com/Equipment.aspx?Category=6&Subcategory=8","3 gp","300","https://2e.aonprd.com/Equipment.aspx?ID=4501&NoRedirect=1","Theatrical Mutagen (Lesser)","Treasure Vault pg. 61","legacy","1","2026-09-12"
"Vaccine (Minor)","Élixir","1","Common","4 gp","https://2e.aonprd.com/Equipment.aspx?Category=6&Subcategory=8","4 gp","400","https://2e.aonprd.com/Equipment.aspx?ID=4502&NoRedirect=1","Vaccine (Minor)","Treasure Vault pg. 61","legacy","1","2026-09-12"
"War Blood Mutagen (Lesser)","Élixir","1","Uncommon","4 gp","https://2e.aonprd.com/Equipment.aspx?Category=6&Subcategory=8","4 gp","400","https://2e.aonprd.com/Equipment.aspx?ID=1549&NoRedirect=1","War Blood Mutagen (Lesser)","Pathfinder #178: Punks in a Powderkeg pg. 77","source_unique","1","2026-09-12"
"Bottled Catharsis (Minor)","Élixir","2","Common","5 gp","https://2e.aonprd.com/Equipment.aspx?Category=6&Subcategory=8","5 gp","500","https://2e.aonprd.com/Equipment.aspx?ID=689&NoRedirect=1","Focus Cathartic (Lesser)","Advanced Player's Guide pg. 254","legacy","2","2026-09-12"
"Boulderhead Bock","Élixir","2","Uncommon","5 gp","https://2e.aonprd.com/Equipment.aspx?Category=6&Subcategory=8","5 gp","500","https://2e.aonprd.com/Equipment.aspx?ID=843&NoRedirect=1","Boulderhead Bock","PFS Guide pg. 29","source_unique","2","2026-09-12"
"Bravo's Brew (Lesser)","Élixir","2","Common","7 gp","https://2e.aonprd.com/Equipment.aspx?Category=6&Subcategory=8","7 gp","700","https://2e.aonprd.com/Equipment.aspx?ID=84&NoRedirect=1","Bravo's Brew (Lesser)","Core Rulebook pg. 547","legacy","2","2026-09-12"
"Cat's Eye Elixir","Élixir","2","Common","7 gp","https://2e.aonprd.com/Equipment.aspx?Category=6&Subcategory=8","7 gp","700","https://2e.aonprd.com/Equipment.aspx?ID=85&NoRedirect=1","Cat's Eye Elixir","Core Rulebook pg. 547","legacy","2","2026-09-12"
"Comprehension Elixir (Lesser)","Élixir","2","Common","7 gp","https://2e.aonprd.com/Equipment.aspx?Category=6&Subcategory=8","7 gp","700","https://2e.aonprd.com/Equipment.aspx?ID=88&NoRedirect=1","Comprehension Elixir (Lesser)","Core Rulebook pg. 547","legacy","2","2026-09-12"
"Darkvision Elixir (Lesser)","Élixir","2","Common","6 gp","https://2e.aonprd.com/Equipment.aspx?Category=6&Subcategory=8","6 gp","600","https://2e.aonprd.com/Equipment.aspx?ID=89&NoRedirect=1","Darkvision Elixir (Lesser)","Core Rulebook pg. 547","legacy","2","2026-09-12"
"Soothing Tonic (Lesser)","Élixir","2","Common","7 gp","https://2e.aonprd.com/Equipment.aspx?Category=6&Subcategory=8","7 gp","700","https://2e.aonprd.com/Equipment.aspx?ID=4498&NoRedirect=1","Soothing Tonic (Lesser)","Treasure Vault pg. 60","legacy","2","2026-09-12"
"Spiced Demonade","Élixir","2","Rare","8 gp","https://2e.aonprd.com/Equipment.aspx?Category=6&Subcategory=8","8 gp","800","https://2e.aonprd.com/Equipment.aspx?ID=3519&NoRedirect=1","Spiced Demonade","Rival Academies pg. 29","source_unique","2","2026-09-12"
"Surging Serum (Minor)","Élixir","2","Common","5 gp","https://2e.aonprd.com/Equipment.aspx?Category=6&Subcategory=8","5 gp","500","https://2e.aonprd.com/Equipment.aspx?ID=691&NoRedirect=1","Sinew-Shock Serum (Lesser)","Advanced Player's Guide pg. 254","legacy","2","2026-09-12"
"Winterstep Elixir (Minor)","Élixir","2","Uncommon","6 gp","https://2e.aonprd.com/Equipment.aspx?Category=6&Subcategory=8","6 gp","600","https://2e.aonprd.com/Equipment.aspx?ID=1518&NoRedirect=1","Winterstep Elixir (Minor)","Pathfinder #176: Lost Mammoth Valley pg. 79","source_unique","2","2026-09-12"
"Bendy-Arm Mutagen (Moderate)","Élixir","3","Common","12 gp","https://2e.aonprd.com/Equipment.aspx?Category=6&Subcategory=8","12 gp","1200","https://2e.aonprd.com/Equipment.aspx?ID=4491&NoRedirect=1","Choker-Arm Mutagen (Moderate)","Treasure Vault pg. 59","legacy","3","2026-09-12"
"Blood Booster (Lesser)","Élixir","3","Common","9 gp","https://2e.aonprd.com/Equipment.aspx?Category=6&Subcategory=8","9 gp","900","https://2e.aonprd.com/Equipment.aspx?ID=4490&NoRedirect=1","Blood Booster (Lesser)","Treasure Vault pg. 59","legacy","3","2026-09-12"
"Blood Sight Elixir (Lesser)","Élixir","3","Uncommon","100 gp","https://2e.aonprd.com/Equipment.aspx?Category=6&Subcategory=8","10 gp","1000","https://2e.aonprd.com/Equipment.aspx?ID=3490&NoRedirect=1","Blood Sight Elixir (Lesser)","Prey for Death pg. 102","remaster_sans_tarif_legacy","3","2026-09-12"
"Cognitive Mutagen (Moderate)","Élixir","3","Common","12 gp","https://2e.aonprd.com/Equipment.aspx?Category=6&Subcategory=8","12 gp","1200","https://2e.aonprd.com/Equipment.aspx?ID=87&NoRedirect=1","Cognitive Mutagen (Moderate)","Core Rulebook pg. 547","legacy","3","2026-09-12"
"Deadweight Mutagen (Moderate)","Élixir","3","Common","12 gp","https://2e.aonprd.com/Equipment.aspx?Category=6&Subcategory=8","12 gp","1200","https://2e.aonprd.com/Equipment.aspx?ID=4494&NoRedirect=1","Deadweight Mutagen (Moderate)","Treasure Vault pg. 59","legacy","3","2026-09-12"
"Drakeheart Mutagen (Moderate)","Élixir","3","Common","12 gp","https://2e.aonprd.com/Equipment.aspx?Category=6&Subcategory=8","12 gp","1200","https://2e.aonprd.com/Equipment.aspx?ID=688&NoRedirect=1","Drakeheart Mutagen (Moderate)","Advanced Player's Guide pg. 253","legacy","3","2026-09-12"
"Elixir of Gender Transformation (Moderate)","Élixir","3","Common","8 gp","https://2e.aonprd.com/Equipment.aspx?Category=6&Subcategory=8","8 gp","800","https://2e.aonprd.com/Equipment.aspx?ID=3307&NoRedirect=1","Elixir of Gender Transformation (Moderate)","Player Core 2 pg. 287","remaster_sans_tarif_legacy","3","2026-09-12"
"Energy Mutagen (Moderate)","Élixir","3","Common","12 gp","https://2e.aonprd.com/Equipment.aspx?Category=6&Subcategory=8","12 gp","1200","https://2e.aonprd.com/Equipment.aspx?ID=4495&NoRedirect=1","Energy Mutagen (Moderate)","Treasure Vault pg. 60","legacy","3","2026-09-12"
"Juggernaut Mutagen (Moderate)","Élixir","3","Common","12 gp","https://2e.aonprd.com/Equipment.aspx?Category=6&Subcategory=8","12 gp","1200","https://2e.aonprd.com/Equipment.aspx?ID=94&NoRedirect=1","Juggernaut Mutagen (Moderate)","Core Rulebook pg. 548","legacy","3","2026-09-12"
"Olfactory Obfuscator","Élixir","3","Common","9 gp","https://2e.aonprd.com/Equipment.aspx?Category=6&Subcategory=8","9 gp","900","https://2e.aonprd.com/Equipment.aspx?ID=690&NoRedirect=1","Olfactory Obfuscator","Advanced Player's Guide pg. 254","source_unique","3","2026-09-12"
"Prey Mutagen (Moderate)","Élixir","3","Rare","12 gp","https://2e.aonprd.com/Equipment.aspx?Category=6&Subcategory=8","12 gp","1200","https://2e.aonprd.com/Equipment.aspx?ID=2672&NoRedirect=1","Prey Mutagen (Moderate)","Pathfinder #194: Cult of the Cave Worm pg. 79","source_unique","3","2026-09-12"
"Quicksilver Mutagen (Moderate)","Élixir","3","Common","12 gp","https://2e.aonprd.com/Equipment.aspx?Category=6&Subcategory=8","12 gp","1200","https://2e.aonprd.com/Equipment.aspx?ID=97&NoRedirect=1","Quicksilver Mutagen (Moderate)","Core Rulebook pg. 549","legacy","3","2026-09-12"
"Sanguine Mutagen (Moderate)","Élixir","3","Common","12 gp","https://2e.aonprd.com/Equipment.aspx?Category=6&Subcategory=8","12 gp","1200","https://2e.aonprd.com/Equipment.aspx?ID=4497&NoRedirect=1","Sanguine Mutagen (Moderate)","Treasure Vault pg. 60","legacy","3","2026-09-12"
"Serene Mutagen (Moderate)","Élixir","3","Common","12 gp","https://2e.aonprd.com/Equipment.aspx?Category=6&Subcategory=8","12 gp","1200","https://2e.aonprd.com/Equipment.aspx?ID=100&NoRedirect=1","Serene Mutagen (Moderate)","Core Rulebook pg. 549","legacy","3","2026-09-12"
"Silvertongue Mutagen (Moderate)","Élixir","3","Common","12 gp","https://2e.aonprd.com/Equipment.aspx?Category=6&Subcategory=8","12 gp","1200","https://2e.aonprd.com/Equipment.aspx?ID=101&NoRedirect=1","Silvertongue Mutagen (Moderate)","Core Rulebook pg. 550","legacy","3","2026-09-12"
"Theatrical Mutagen (Moderate)","Élixir","3","Common","12 gp","https://2e.aonprd.com/Equipment.aspx?Category=6&Subcategory=8","12 gp","1200","https://2e.aonprd.com/Equipment.aspx?ID=4501&NoRedirect=1","Theatrical Mutagen (Moderate)","Treasure Vault pg. 61","legacy","3","2026-09-12"
"Vaccine (Lesser)","Élixir","3","Common","12 gp","https://2e.aonprd.com/Equipment.aspx?Category=6&Subcategory=8","12 gp","1200","https://2e.aonprd.com/Equipment.aspx?ID=4502&NoRedirect=1","Vaccine (Lesser)","Treasure Vault pg. 61","legacy","3","2026-09-12"
"War Blood Mutagen (Moderate)","Élixir","3","Uncommon","12 gp","https://2e.aonprd.com/Equipment.aspx?Category=6&Subcategory=8","12 gp","1200","https://2e.aonprd.com/Equipment.aspx?ID=1549&NoRedirect=1","War Blood Mutagen (Moderate)","Pathfinder #178: Punks in a Powderkeg pg. 77","source_unique","3","2026-09-12"
"Applereed Mutagen (Lesser)","Élixir","4","Rare","20 gp","https://2e.aonprd.com/Equipment.aspx?Category=6&Subcategory=8","20 gp","2000","https://2e.aonprd.com/Equipment.aspx?ID=783&NoRedirect=1","Applereed Mutagen (Lesser)","Legends pg. 86","source_unique","4","2026-09-12"
"Bomber's Eye Elixir (Lesser)","Élixir","4","Common","14 gp","https://2e.aonprd.com/Equipment.aspx?Category=6&Subcategory=8","14 gp","1400","https://2e.aonprd.com/Equipment.aspx?ID=83&NoRedirect=1","Bomber's Eye Elixir (Lesser)","Core Rulebook pg. 547","legacy","4","2026-09-12"
"Bottled Catharsis (Lesser)","Élixir","4","Common","15 gp","https://2e.aonprd.com/Equipment.aspx?Category=6&Subcategory=8","15 gp","1500","https://2e.aonprd.com/Equipment.aspx?ID=689&NoRedirect=1","Focus Cathartic (Moderate)","Advanced Player's Guide pg. 254","legacy","4","2026-09-12"
"Capsaicin Tonic","Élixir","4","Uncommon","17 gp","https://2e.aonprd.com/Equipment.aspx?Category=6&Subcategory=8","17 gp","1700","https://2e.aonprd.com/Equipment.aspx?ID=903&NoRedirect=1","Capsaicin Tonic","Troubles in Otari pg. 60","source_unique","4","2026-09-12"
"Cooling Elixir (Lesser)","Élixir","4","Common","15 gp","https://2e.aonprd.com/Equipment.aspx?Category=6&Subcategory=8","15 gp","1500","https://2e.aonprd.com/Equipment.aspx?ID=98&NoRedirect=1","Salamander Elixir (Lesser)","Core Rulebook pg. 549","legacy","4","2026-09-12"
"Darkvision Elixir (Moderate)","Élixir","4","Common","11 gp","https://2e.aonprd.com/Equipment.aspx?Category=6&Subcategory=8","11 gp","1100","https://2e.aonprd.com/Equipment.aspx?ID=89&NoRedirect=1","Darkvision Elixir (Moderate)","Core Rulebook pg. 547","legacy","4","2026-09-12"
"Lesser Elixir of the Peaks","Élixir","4","Rare","1 gp, 5 sp","https://2e.aonprd.com/Equipment.aspx?Category=6&Subcategory=8","1 gp, 5 sp","150","https://2e.aonprd.com/Equipment.aspx?ID=4042&NoRedirect=1","Lesser Elixir of the Peaks","Pathfinder #219: Lord of the Trinity Star pg. 69","source_unique","4","2026-09-12"
"Mistform Elixir (Lesser)","Élixir","4","Common","18 gp","https://2e.aonprd.com/Equipment.aspx?Category=6&Subcategory=8","18 gp","1800","https://2e.aonprd.com/Equipment.aspx?ID=96&NoRedirect=1","Mistform Elixir (Lesser)","Core Rulebook pg. 549","legacy","4","2026-09-12"
"Stone Fist Elixir","Élixir","4","Common","13 gp","https://2e.aonprd.com/Equipment.aspx?Category=6&Subcategory=8","13 gp","1300","https://2e.aonprd.com/Equipment.aspx?ID=102&NoRedirect=1","Stone Fist Elixir","Core Rulebook pg. 550","legacy","4","2026-09-12"
"Witchwarg Elixir (Lesser)","Élixir","4","Common","15 gp","https://2e.aonprd.com/Equipment.aspx?Category=6&Subcategory=8","15 gp","1500","https://2e.aonprd.com/Equipment.aspx?ID=103&NoRedirect=1","Winter Wolf Elixir (Lesser)","Core Rulebook pg. 550","legacy","4","2026-09-12"
"Cheetah's Elixir (Moderate)","Élixir","5","Common","25 gp","https://2e.aonprd.com/Equipment.aspx?Category=6&Subcategory=8","25 gp","2500","https://2e.aonprd.com/Equipment.aspx?ID=86&NoRedirect=1","Cheetah's Elixir (Moderate)","Core Rulebook pg. 547","legacy","5","2026-09-12"
"Contagion Metabolizer (Lesser)","Élixir","5","Common","30 gp","https://2e.aonprd.com/Equipment.aspx?Category=6&Subcategory=8","30 gp","3000","https://2e.aonprd.com/Equipment.aspx?ID=4493&NoRedirect=1","Contagion Metabolizer (Lesser)","Treasure Vault pg. 59","legacy","5","2026-09-12"
"Elixir of Life (Lesser)","Élixir","5","Common","30 gp","https://2e.aonprd.com/Equipment.aspx?Category=6&Subcategory=8","30 gp","3000","https://2e.aonprd.com/Equipment.aspx?ID=91&NoRedirect=1","Elixir of Life (Lesser)","Core Rulebook pg. 548","legacy","5","2026-09-12"
"Ichthyosis Mutagen","Élixir","5","Rare","24 gp","https://2e.aonprd.com/Equipment.aspx?Category=6&Subcategory=8","24 gp","2400","https://2e.aonprd.com/Equipment.aspx?ID=928&NoRedirect=1","Ichthyosis Mutagen","Pathfinder #164: Hands of the Devil pg. 72","source_unique","5","2026-09-12"
"Numbing Tonic (Lesser)","Élixir","5","Common","30 gp","https://2e.aonprd.com/Equipment.aspx?Category=6&Subcategory=8","30 gp","3000","https://2e.aonprd.com/Equipment.aspx?ID=4496&NoRedirect=1","Numbing Tonic (Lesser)","Treasure Vault pg. 60","legacy","5","2026-09-12"
"Sea Touch Elixir (Lesser)","Élixir","5","Common","22 gp","https://2e.aonprd.com/Equipment.aspx?Category=6&Subcategory=8","22 gp","2200","https://2e.aonprd.com/Equipment.aspx?ID=99&NoRedirect=1","Sea Touch Elixir (Lesser)","Core Rulebook pg. 549","legacy","5","2026-09-12"
"Sixfingers Elixir (Lesser)","Élixir","5","Uncommon","25 gp","https://2e.aonprd.com/Equipment.aspx?Category=6&Subcategory=8","25 gp","2500","https://2e.aonprd.com/Equipment.aspx?ID=791&NoRedirect=1","Sixfingers Elixir (Lesser)","The Slithering pg. 61","source_unique","5","2026-09-12"
"Soothing Tonic (Moderate)","Élixir","5","Common","28 gp","https://2e.aonprd.com/Equipment.aspx?Category=6&Subcategory=8","28 gp","2800","https://2e.aonprd.com/Equipment.aspx?ID=4498&NoRedirect=1","Soothing Tonic (Moderate)","Treasure Vault pg. 60","legacy","5","2026-09-12"
"Stone Body Mutagen (Lesser)","Élixir","5","Common","22 gp","https://2e.aonprd.com/Equipment.aspx?Category=6&Subcategory=8","22 gp","2200","https://2e.aonprd.com/Equipment.aspx?ID=4500&NoRedirect=1","Stone Body Mutagen (Lesser)","Treasure Vault pg. 61","legacy","5","2026-09-12"
"Viperous Elixir (Lesser)","Élixir","5","Common","25 gp","https://2e.aonprd.com/Equipment.aspx?Category=6&Subcategory=8","25 gp","2500","https://2e.aonprd.com/Equipment.aspx?ID=3238&NoRedirect=1","Viperous Elixir (Lesser)","Howl of the Wild pg. 111","remaster_sans_tarif_legacy","5","2026-09-12"
"Addiction Suppressant (Moderate)","Élixir","6","Rare","30 gp","https://2e.aonprd.com/Equipment.aspx?Category=6&Subcategory=8","30 gp","3000","https://2e.aonprd.com/Equipment.aspx?ID=4489&NoRedirect=1","Addiction Suppressant (Moderate)","Treasure Vault pg. 58","legacy","6","2026-09-12"
"Affliction Suppressant (Moderate)","Élixir","6","Common","35 gp","https://2e.aonprd.com/Equipment.aspx?Category=6&Subcategory=8","30 gp","3000","https://2e.aonprd.com/Equipment.aspx?ID=4489&NoRedirect=1","Addiction Suppressant (Moderate)","Treasure Vault pg. 58","legacy","6","2026-09-12"
"Antidote (Moderate)","Élixir","6","Common","35 gp","https://2e.aonprd.com/Equipment.aspx?Category=6&Subcategory=8","35 gp","3500","https://2e.aonprd.com/Equipment.aspx?ID=80&NoRedirect=1","Antidote (Moderate)","Core Rulebook pg. 546","legacy","6","2026-09-12"
"Antiplague (Moderate)","Élixir","6","Common","35 gp","https://2e.aonprd.com/Equipment.aspx?Category=6&Subcategory=8","35 gp","3500","https://2e.aonprd.com/Equipment.aspx?ID=81&NoRedirect=1","Antiplague (Moderate)","Core Rulebook pg. 546","legacy","6","2026-09-12"
"Blood Sight Elixir (Moderate)","Élixir","6","Uncommon","400 gp","https://2e.aonprd.com/Equipment.aspx?Category=6&Subcategory=8","40 gp","4000","https://2e.aonprd.com/Equipment.aspx?ID=3490&NoRedirect=1","Blood Sight Elixir (Moderate)","Prey for Death pg. 102","remaster_sans_tarif_legacy","6","2026-09-12"
"Elixir of Gender Transformation (Greater)","Élixir","6","Common","35 gp","https://2e.aonprd.com/Equipment.aspx?Category=6&Subcategory=8","35 gp","3500","https://2e.aonprd.com/Equipment.aspx?ID=3307&NoRedirect=1","Elixir of Gender Transformation (Greater)","Player Core 2 pg. 287","remaster_sans_tarif_legacy","6","2026-09-12"
"Frogskin Tincture","Élixir","6","Common","50 gp","https://2e.aonprd.com/Equipment.aspx?Category=6&Subcategory=8","50 gp","5000","https://2e.aonprd.com/Equipment.aspx?ID=3234&NoRedirect=1","Frogskin Tincture","Howl of the Wild pg. 110","remaster_sans_tarif_legacy","6","2026-09-12"
"Mistform Elixir (Moderate)","Élixir","6","Common","56 gp","https://2e.aonprd.com/Equipment.aspx?Category=6&Subcategory=8","56 gp","5600","https://2e.aonprd.com/Equipment.aspx?ID=96&NoRedirect=1","Mistform Elixir (Moderate)","Core Rulebook pg. 549","legacy","6","2026-09-12"
"Skeptic's Elixir (Moderate)","Élixir","6","Uncommon","50 gp","https://2e.aonprd.com/Equipment.aspx?Category=6&Subcategory=8","50 gp","5000","https://2e.aonprd.com/Equipment.aspx?ID=917&NoRedirect=1","Skeptic's Elixir (Moderate)","Pathfinder #163: Ruins of Gauntlight pg. 78","source_unique","6","2026-09-12"
"Vaccine (Moderate)","Élixir","6","Common","50 gp","https://2e.aonprd.com/Equipment.aspx?Category=6&Subcategory=8","50 gp","5000","https://2e.aonprd.com/Equipment.aspx?ID=4502&NoRedirect=1","Vaccine (Moderate)","Treasure Vault pg. 61","legacy","6","2026-09-12"
"Winterstep Elixir (Lesser)","Élixir","6","Uncommon","36 gp","https://2e.aonprd.com/Equipment.aspx?Category=6&Subcategory=8","36 gp","3600","https://2e.aonprd.com/Equipment.aspx?ID=1518&NoRedirect=1","Winterstep Elixir (Lesser)","Pathfinder #176: Lost Mammoth Valley pg. 79","source_unique","6","2026-09-12"
"Comprehension Elixir (Greater)","Élixir","7","Common","54 gp","https://2e.aonprd.com/Equipment.aspx?Category=6&Subcategory=8","54 gp","5400","https://2e.aonprd.com/Equipment.aspx?ID=88&NoRedirect=1","Comprehension Elixir (Greater)","Core Rulebook pg. 547","legacy","7","2026-09-12"
"Leaper's Elixir (Greater)","Élixir","7","Common","55 gp","https://2e.aonprd.com/Equipment.aspx?Category=6&Subcategory=8","55 gp","5500","https://2e.aonprd.com/Equipment.aspx?ID=95&NoRedirect=1","Leaper's Elixir (Greater)","Core Rulebook pg. 549","source_unique","7","2026-09-12"
"Moderate Elixir of the Peaks","Élixir","7","Rare","6 gp","https://2e.aonprd.com/Equipment.aspx?Category=6&Subcategory=8","6 gp","600","https://2e.aonprd.com/Equipment.aspx?ID=4042&NoRedirect=1","Moderate Elixir of the Peaks","Pathfinder #219: Lord of the Trinity Star pg. 69","source_unique","7","2026-09-12"
"Ommatophoric Mutagen","Élixir","7","Uncommon","65 gp","https://2e.aonprd.com/Equipment.aspx?Category=6&Subcategory=8","65 gp","6500","https://2e.aonprd.com/Equipment.aspx?ID=3236&NoRedirect=1","Ommatophoric Mutagen","Howl of the Wild pg. 110","remaster_sans_tarif_legacy","7","2026-09-12"
"Bottled Catharsis (Moderate)","Élixir","8","Common","75 gp","https://2e.aonprd.com/Equipment.aspx?Category=6&Subcategory=8","75 gp","7500","https://2e.aonprd.com/Equipment.aspx?ID=3299&NoRedirect=1","Bottled Catharsis (Moderate)","Player Core 2 pg. 286","remaster_sans_tarif_legacy","8","2026-09-12"
"Darkvision Elixir (Greater)","Élixir","8","Common","90 gp","https://2e.aonprd.com/Equipment.aspx?Category=6&Subcategory=8","90 gp","9000","https://2e.aonprd.com/Equipment.aspx?ID=89&NoRedirect=1","Darkvision Elixir (Greater)","Core Rulebook pg. 547","legacy","8","2026-09-12"
"Mnemonic Acid","Élixir","8","Uncommon","75 gp","https://2e.aonprd.com/Equipment.aspx?Category=6&Subcategory=8","75 gp","7500","https://2e.aonprd.com/Equipment.aspx?ID=822&NoRedirect=1","Mnemonic Acid","Pathfinder #159: All or Nothing pg. 78","source_unique","8","2026-09-12"
"Psychic Colors Elixir","Élixir","8","Uncommon","100 gp","https://2e.aonprd.com/Equipment.aspx?Category=6&Subcategory=8","100 gp","10000","https://2e.aonprd.com/Equipment.aspx?ID=2418&NoRedirect=1","Psychic Colors Elixir","Pathfinder #189: Dreamers of the Nameless Spires pg. 75","legacy","8","2026-09-12"
"Surging Serum (Moderate)","Élixir","8","Common","75 gp","https://2e.aonprd.com/Equipment.aspx?Category=6&Subcategory=8","75 gp","7500","https://2e.aonprd.com/Equipment.aspx?ID=3313&NoRedirect=1","Surging Serum (Moderate)","Player Core 2 pg. 288","remaster_sans_tarif_legacy","8","2026-09-12"
"Viperous Elixir (Moderate)","Élixir","8","Common","85 gp","https://2e.aonprd.com/Equipment.aspx?Category=6&Subcategory=8","85 gp","8500","https://2e.aonprd.com/Equipment.aspx?ID=3238&NoRedirect=1","Viperous Elixir (Moderate)","Howl of the Wild pg. 111","remaster_sans_tarif_legacy","8","2026-09-12"
"Blood Sight Elixir (Greater)","Élixir","9","Uncommon","115 gp","https://2e.aonprd.com/Equipment.aspx?Category=6&Subcategory=8","115 gp","11500","https://2e.aonprd.com/Equipment.aspx?ID=3490&NoRedirect=1","Blood Sight Elixir (Greater)","Prey for Death pg. 102","remaster_sans_tarif_legacy","9","2026-09-12"
"Cheetah's Elixir (Greater)","Élixir","9","Common","110 gp","https://2e.aonprd.com/Equipment.aspx?Category=6&Subcategory=8","110 gp","11000","https://2e.aonprd.com/Equipment.aspx?ID=86&NoRedirect=1","Cheetah's Elixir (Greater)","Core Rulebook pg. 547","legacy","9","2026-09-12"
"Chromatic Jellyfish Oil (Lesser)","Élixir","9","Common","120 gp","https://2e.aonprd.com/Equipment.aspx?Category=6&Subcategory=8","120 gp","12000","https://2e.aonprd.com/Equipment.aspx?ID=4492&NoRedirect=1","Chromatic Jellyfish Oil (Lesser)","Treasure Vault pg. 59","legacy","9","2026-09-12"
"Elixir of Life (Moderate)","Élixir","9","Common","150 gp","https://2e.aonprd.com/Equipment.aspx?Category=6&Subcategory=8","150 gp","15000","https://2e.aonprd.com/Equipment.aspx?ID=91&NoRedirect=1","Elixir of Life (Moderate)","Core Rulebook pg. 548","legacy","9","2026-09-12"
"Mana-Rattler Liniment","Élixir","9","Uncommon","110 gp","https://2e.aonprd.com/Equipment.aspx?Category=6&Subcategory=8","110 gp","11000","https://2e.aonprd.com/Equipment.aspx?ID=1611&NoRedirect=1","Mana-Rattler Liniment","Pathfinder #180: The Smoking Gun pg. 77","source_unique","9","2026-09-12"
"Pallesthetic Mutagen","Élixir","9","Uncommon","150 gp","https://2e.aonprd.com/Equipment.aspx?Category=6&Subcategory=8","150 gp","15000","https://2e.aonprd.com/Equipment.aspx?ID=3237&NoRedirect=1","Pallesthetic Mutagen","Howl of the Wild pg. 110","remaster_sans_tarif_legacy","9","2026-09-12"
"Spiderfoot Brew (Moderate)","Élixir","9","Common","150 gp","https://2e.aonprd.com/Equipment.aspx?Category=6&Subcategory=8","150 gp","15000","https://2e.aonprd.com/Equipment.aspx?ID=4499&NoRedirect=1","Spiderfoot Brew (Moderate)","Treasure Vault pg. 61","legacy","9","2026-09-12"
"Addiction Suppressant (Greater)","Élixir","10","Rare","140 gp","https://2e.aonprd.com/Equipment.aspx?Category=6&Subcategory=8","140 gp","14000","https://2e.aonprd.com/Equipment.aspx?ID=4489&NoRedirect=1","Addiction Suppressant (Greater)","Treasure Vault pg. 58","legacy","10","2026-09-12"
"Affliction Suppressant (Greater)","Élixir","10","Common","160 gp","https://2e.aonprd.com/Equipment.aspx?Category=6&Subcategory=8","140 gp","14000","https://2e.aonprd.com/Equipment.aspx?ID=4489&NoRedirect=1","Addiction Suppressant (Greater)","Treasure Vault pg. 58","legacy","10","2026-09-12"
"Antidote (Greater)","Élixir","10","Common","160 gp","https://2e.aonprd.com/Equipment.aspx?Category=6&Subcategory=8","160 gp","16000","https://2e.aonprd.com/Equipment.aspx?ID=80&NoRedirect=1","Antidote (Greater)","Core Rulebook pg. 546","legacy","10","2026-09-12"
"Antiplague (Greater)","Élixir","10","Common","160 gp","https://2e.aonprd.com/Equipment.aspx?Category=6&Subcategory=8","160 gp","16000","https://2e.aonprd.com/Equipment.aspx?ID=81&NoRedirect=1","Antiplague (Greater)","Core Rulebook pg. 546","legacy","10","2026-09-12"
"Baleblood Draft","Élixir","10","Rare","155 gp","https://2e.aonprd.com/Equipment.aspx?Category=6&Subcategory=8","155 gp","15500","https://2e.aonprd.com/Equipment.aspx?ID=1612&NoRedirect=1","Baleblood Draft","Dark Archive pg. 62","legacy","10","2026-09-12"
"Bravo's Brew (Moderate)","Élixir","10","Common","150 gp","https://2e.aonprd.com/Equipment.aspx?Category=6&Subcategory=8","150 gp","15000","https://2e.aonprd.com/Equipment.aspx?ID=84&NoRedirect=1","Bravo's Brew (Moderate)","Core Rulebook pg. 547","legacy","10","2026-09-12"
"Eagle-Eye Elixir (Greater)","Élixir","10","Common","200 gp","https://2e.aonprd.com/Equipment.aspx?Category=6&Subcategory=8","200 gp","20000","https://2e.aonprd.com/Equipment.aspx?ID=90&NoRedirect=1","Eagle-Eye Elixir (Greater)","Core Rulebook pg. 548","legacy","10","2026-09-12"
"Mistform Elixir (Greater)","Élixir","10","Common","180 gp","https://2e.aonprd.com/Equipment.aspx?Category=6&Subcategory=8","180 gp","18000","https://2e.aonprd.com/Equipment.aspx?ID=96&NoRedirect=1","Mistform Elixir (Greater)","Core Rulebook pg. 549","legacy","10","2026-09-12"
"Olfactory Obfuscator (Greater)","Élixir","10","Common","225 gp","https://2e.aonprd.com/Equipment.aspx?Category=6&Subcategory=8","225 gp","22500","https://2e.aonprd.com/Equipment.aspx?ID=690&NoRedirect=1","Olfactory Obfuscator (Greater)","Advanced Player's Guide pg. 254","source_unique","10","2026-09-12"
"Winterstep Elixir (Moderate)","Élixir","10","Uncommon","160 gp","https://2e.aonprd.com/Equipment.aspx?Category=6&Subcategory=8","160 gp","16000","https://2e.aonprd.com/Equipment.aspx?ID=1518&NoRedirect=1","Winterstep Elixir (Moderate)","Pathfinder #176: Lost Mammoth Valley pg. 79","source_unique","10","2026-09-12"
"Bendy-Arm Mutagen (Greater)","Élixir","11","Common","300 gp","https://2e.aonprd.com/Equipment.aspx?Category=6&Subcategory=8","300 gp","30000","https://2e.aonprd.com/Equipment.aspx?ID=4491&NoRedirect=1","Choker-Arm Mutagen (Greater)","Treasure Vault pg. 59","legacy","11","2026-09-12"
"Bestial Mutagen (Greater)","Élixir","11","Common","300 gp","https://2e.aonprd.com/Equipment.aspx?Category=6&Subcategory=8","300 gp","30000","https://2e.aonprd.com/Equipment.aspx?ID=82&NoRedirect=1","Bestial Mutagen (Greater)","Core Rulebook pg. 546","legacy","11","2026-09-12"
"Blood Booster (Moderate)","Élixir","11","Common","225 gp","https://2e.aonprd.com/Equipment.aspx?Category=6&Subcategory=8","225 gp","22500","https://2e.aonprd.com/Equipment.aspx?ID=4490&NoRedirect=1","Blood Booster (Moderate)","Treasure Vault pg. 59","legacy","11","2026-09-12"
"Cognitive Mutagen (Greater)","Élixir","11","Common","300 gp","https://2e.aonprd.com/Equipment.aspx?Category=6&Subcategory=8","300 gp","30000","https://2e.aonprd.com/Equipment.aspx?ID=87&NoRedirect=1","Cognitive Mutagen (Greater)","Core Rulebook pg. 547","legacy","11","2026-09-12"
"Contagion Metabolizer (Moderate)","Élixir","11","Common","300 gp","https://2e.aonprd.com/Equipment.aspx?Category=6&Subcategory=8","300 gp","30000","https://2e.aonprd.com/Equipment.aspx?ID=4493&NoRedirect=1","Contagion Metabolizer (Moderate)","Treasure Vault pg. 59","legacy","11","2026-09-12"
"Drakeheart Mutagen (Greater)","Élixir","11","Common","300 gp","https://2e.aonprd.com/Equipment.aspx?Category=6&Subcategory=8","300 gp","30000","https://2e.aonprd.com/Equipment.aspx?ID=688&NoRedirect=1","Drakeheart Mutagen (Greater)","Advanced Player's Guide pg. 253","legacy","11","2026-09-12"
"Energy Mutagen (Greater)","Élixir","11","Common","300 gp","https://2e.aonprd.com/Equipment.aspx?Category=6&Subcategory=8","300 gp","30000","https://2e.aonprd.com/Equipment.aspx?ID=4495&NoRedirect=1","Energy Mutagen (Greater)","Treasure Vault pg. 60","legacy","11","2026-09-12"
"Greater Elixir of the Peaks","Élixir","11","Rare","25 gp","https://2e.aonprd.com/Equipment.aspx?Category=6&Subcategory=8","25 gp","2500","https://2e.aonprd.com/Equipment.aspx?ID=4042&NoRedirect=1","Greater Elixir of the Peaks","Pathfinder #219: Lord of the Trinity Star pg. 69","source_unique","11","2026-09-12"
"Juggernaut Mutagen (Greater)","Élixir","11","Common","300 gp","https://2e.aonprd.com/Equipment.aspx?Category=6&Subcategory=8","300 gp","30000","https://2e.aonprd.com/Equipment.aspx?ID=94&NoRedirect=1","Juggernaut Mutagen (Greater)","Core Rulebook pg. 548","legacy","11","2026-09-12"
"Prey Mutagen (Greater)","Élixir","11","Rare","300 gp","https://2e.aonprd.com/Equipment.aspx?Category=6&Subcategory=8","300 gp","30000","https://2e.aonprd.com/Equipment.aspx?ID=2672&NoRedirect=1","Prey Mutagen (Greater)","Pathfinder #194: Cult of the Cave Worm pg. 79","source_unique","11","2026-09-12"
"Quicksilver Mutagen (Greater)","Élixir","11","Common","300 gp","https://2e.aonprd.com/Equipment.aspx?Category=6&Subcategory=8","300 gp","30000","https://2e.aonprd.com/Equipment.aspx?ID=97&NoRedirect=1","Quicksilver Mutagen (Greater)","Core Rulebook pg. 549","legacy","11","2026-09-12"
"Sanguine Mutagen (Greater)","Élixir","11","Common","300 gp","https://2e.aonprd.com/Equipment.aspx?Category=6&Subcategory=8","300 gp","30000","https://2e.aonprd.com/Equipment.aspx?ID=4497&NoRedirect=1","Sanguine Mutagen (Greater)","Treasure Vault pg. 60","legacy","11","2026-09-12"
"Serene Mutagen (Greater)","Élixir","11","Common","300 gp","https://2e.aonprd.com/Equipment.aspx?Category=6&Subcategory=8","300 gp","30000","https://2e.aonprd.com/Equipment.aspx?ID=100&NoRedirect=1","Serene Mutagen (Greater)","Core Rulebook pg. 549","legacy","11","2026-09-12"
"Silvertongue Mutagen (Greater)","Élixir","11","Common","300 gp","https://2e.aonprd.com/Equipment.aspx?Category=6&Subcategory=8","300 gp","30000","https://2e.aonprd.com/Equipment.aspx?ID=101&NoRedirect=1","Silvertongue Mutagen (Greater)","Core Rulebook pg. 550","legacy","11","2026-09-12"
"Sixfingers Elixir (Moderate)","Élixir","11","Uncommon","250 gp","https://2e.aonprd.com/Equipment.aspx?Category=6&Subcategory=8","250 gp","25000","https://2e.aonprd.com/Equipment.aspx?ID=791&NoRedirect=1","Sixfingers Elixir (Moderate)","The Slithering pg. 61","source_unique","11","2026-09-12"
"Skeptic's Elixir (Greater)","Élixir","11","Uncommon","300 gp","https://2e.aonprd.com/Equipment.aspx?Category=6&Subcategory=8","300 gp","30000","https://2e.aonprd.com/Equipment.aspx?ID=917&NoRedirect=1","Skeptic's Elixir (Greater)","Pathfinder #163: Ruins of Gauntlight pg. 78","source_unique","11","2026-09-12"
"Theatrical Mutagen (Greater)","Élixir","11","Common","300 gp","https://2e.aonprd.com/Equipment.aspx?Category=6&Subcategory=8","300 gp","30000","https://2e.aonprd.com/Equipment.aspx?ID=1968&NoRedirect=1","Theatrical Mutagen (Greater)","Treasure Vault (Remastered) pg. 61","remaster_sans_tarif_legacy","11","2026-09-12"
"Viperous Elixir (Greater)","Élixir","11","Common","225 gp","https://2e.aonprd.com/Equipment.aspx?Category=6&Subcategory=8","225 gp","22500","https://2e.aonprd.com/Equipment.aspx?ID=3238&NoRedirect=1","Viperous Elixir (Greater)","Howl of the Wild pg. 111","remaster_sans_tarif_legacy","11","2026-09-12"
"Applereed Mutagen (Moderate)","Élixir","12","Rare","400 gp","https://2e.aonprd.com/Equipment.aspx?Category=6&Subcategory=8","400 gp","40000","https://2e.aonprd.com/Equipment.aspx?ID=783&NoRedirect=1","Applereed Mutagen (Moderate)","Legends pg. 86","source_unique","12","2026-09-12"
"Blood Sight Elixir (Major)","Élixir","12","Uncommon","350 gp","https://2e.aonprd.com/Equipment.aspx?Category=6&Subcategory=8","350 gp","35000","https://2e.aonprd.com/Equipment.aspx?ID=3490&NoRedirect=1","Blood Sight Elixir (Major)","Prey for Death pg. 102","remaster_sans_tarif_legacy","12","2026-09-12"
"Bottled Catharsis (Greater)","Élixir","12","Common","325 gp","https://2e.aonprd.com/Equipment.aspx?Category=6&Subcategory=8","325 gp","32500","https://2e.aonprd.com/Equipment.aspx?ID=689&NoRedirect=1","Focus Cathartic (Greater)","Advanced Player's Guide pg. 254","legacy","12","2026-09-12"
"Cooling Elixir (Moderate)","Élixir","12","Common","320 gp","https://2e.aonprd.com/Equipment.aspx?Category=6&Subcategory=8","320 gp","32000","https://2e.aonprd.com/Equipment.aspx?ID=98&NoRedirect=1","Salamander Elixir (Moderate)","Core Rulebook pg. 549","legacy","12","2026-09-12"
"Sea Touch Elixir (Moderate)","Élixir","12","Common","300 gp","https://2e.aonprd.com/Equipment.aspx?Category=6&Subcategory=8","300 gp","30000","https://2e.aonprd.com/Equipment.aspx?ID=99&NoRedirect=1","Sea Touch Elixir (Moderate)","Core Rulebook pg. 549","legacy","12","2026-09-12"
"Stone Body Mutagen (Moderate)","Élixir","12","Common","300 gp","https://2e.aonprd.com/Equipment.aspx?Category=6&Subcategory=8","300 gp","30000","https://2e.aonprd.com/Equipment.aspx?ID=4500&NoRedirect=1","Stone Body Mutagen (Moderate)","Treasure Vault pg. 61","legacy","12","2026-09-12"
"Surging Serum (Greater)","Élixir","12","Common","325 gp","https://2e.aonprd.com/Equipment.aspx?Category=6&Subcategory=8","325 gp","32500","https://2e.aonprd.com/Equipment.aspx?ID=691&NoRedirect=1","Sinew-Shock Serum (Greater)","Advanced Player's Guide pg. 254","legacy","12","2026-09-12"
"Vaccine (Greater)","Élixir","12","Common","400 gp","https://2e.aonprd.com/Equipment.aspx?Category=6&Subcategory=8","400 gp","40000","https://2e.aonprd.com/Equipment.aspx?ID=4502&NoRedirect=1","Vaccine (Greater)","Treasure Vault pg. 61","legacy","12","2026-09-12"
"Witchwarg Elixir (Moderate)","Élixir","12","Common","320 gp","https://2e.aonprd.com/Equipment.aspx?Category=6&Subcategory=8","320 gp","32000","https://2e.aonprd.com/Equipment.aspx?ID=103&NoRedirect=1","Winter Wolf Elixir (Moderate)","Core Rulebook pg. 550","legacy","12","2026-09-12"
"Elixir of Life (Greater)","Élixir","13","Common","600 gp","https://2e.aonprd.com/Equipment.aspx?Category=6&Subcategory=8","600 gp","60000","https://2e.aonprd.com/Equipment.aspx?ID=91&NoRedirect=1","Elixir of Life (Greater)","Core Rulebook pg. 548","legacy","13","2026-09-12"
"Numbing Tonic (Greater)","Élixir","13","Common","600 gp","https://2e.aonprd.com/Equipment.aspx?Category=6&Subcategory=8","600 gp","60000","https://2e.aonprd.com/Equipment.aspx?ID=4496&NoRedirect=1","Numbing Tonic (Greater)","Treasure Vault pg. 60","legacy","13","2026-09-12"
"Addiction Suppressant (Major)","Élixir","14","Rare","500 gp","https://2e.aonprd.com/Equipment.aspx?Category=6&Subcategory=8","500 gp","50000","https://2e.aonprd.com/Equipment.aspx?ID=4489&NoRedirect=1","Addiction Suppressant (Major)","Treasure Vault pg. 58","legacy","14","2026-09-12"
"Affliction Suppressant (Major)","Élixir","14","Common","675 gp","https://2e.aonprd.com/Equipment.aspx?Category=6&Subcategory=8","500 gp","50000","https://2e.aonprd.com/Equipment.aspx?ID=4489&NoRedirect=1","Addiction Suppressant (Major)","Treasure Vault pg. 58","legacy","14","2026-09-12"
"Antidote (Major)","Élixir","14","Common","675 gp","https://2e.aonprd.com/Equipment.aspx?Category=6&Subcategory=8","675 gp","67500","https://2e.aonprd.com/Equipment.aspx?ID=80&NoRedirect=1","Antidote (Major)","Core Rulebook pg. 546","legacy","14","2026-09-12"
"Antiplague (Major)","Élixir","14","Common","675 gp","https://2e.aonprd.com/Equipment.aspx?Category=6&Subcategory=8","675 gp","67500","https://2e.aonprd.com/Equipment.aspx?ID=81&NoRedirect=1","Antiplague (Major)","Core Rulebook pg. 546","legacy","14","2026-09-12"
"Bomber's Eye Elixir (Greater)","Élixir","14","Common","700 gp","https://2e.aonprd.com/Equipment.aspx?Category=6&Subcategory=8","700 gp","70000","https://2e.aonprd.com/Equipment.aspx?ID=83&NoRedirect=1","Bomber's Eye Elixir (Greater)","Core Rulebook pg. 547","legacy","14","2026-09-12"
"Chromatic Jellyfish Oil (Moderate)","Élixir","14","Common","800 gp","https://2e.aonprd.com/Equipment.aspx?Category=6&Subcategory=8","800 gp","80000","https://2e.aonprd.com/Equipment.aspx?ID=4492&NoRedirect=1","Chromatic Jellyfish Oil (Moderate)","Treasure Vault pg. 59","legacy","14","2026-09-12"
"Malleable Mixture (Greater)","Élixir","14","Uncommon","750 gp","https://2e.aonprd.com/Equipment.aspx?Category=6&Subcategory=8","750 gp","75000","https://2e.aonprd.com/Equipment.aspx?ID=1263&NoRedirect=1","Malleable Mixture (Greater)","Grand Bazaar pg. 19","source_unique","14","2026-09-12"
"Winterstep Elixir (Greater)","Élixir","14","Uncommon","640 gp","https://2e.aonprd.com/Equipment.aspx?Category=6&Subcategory=8","640 gp","64000","https://2e.aonprd.com/Equipment.aspx?ID=1518&NoRedirect=1","Winterstep Elixir (Greater)","Pathfinder #176: Lost Mammoth Valley pg. 79","source_unique","14","2026-09-12"
"Elixir of Life (Major)","Élixir","15","Common","1,300 gp","https://2e.aonprd.com/Equipment.aspx?Category=6&Subcategory=8","1,300 gp","130000","https://2e.aonprd.com/Equipment.aspx?ID=91&NoRedirect=1","Elixir of Life (Major)","Core Rulebook pg. 548","legacy","15","2026-09-12"
"Major Elixir of the Peaks","Élixir","15","Rare","120 gp","https://2e.aonprd.com/Equipment.aspx?Category=6&Subcategory=8","120 gp","12000","https://2e.aonprd.com/Equipment.aspx?ID=4042&NoRedirect=1","Major Elixir of the Peaks","Pathfinder #219: Lord of the Trinity Star pg. 69","source_unique","15","2026-09-12"
"Sea Touch Elixir (Greater)","Élixir","15","Common","920 gp","https://2e.aonprd.com/Equipment.aspx?Category=6&Subcategory=8","920 gp","92000","https://2e.aonprd.com/Equipment.aspx?ID=99&NoRedirect=1","Sea Touch Elixir (Greater)","Core Rulebook pg. 549","legacy","15","2026-09-12"
"Stone Body Mutagen (Greater)","Élixir","15","Common","920 gp","https://2e.aonprd.com/Equipment.aspx?Category=6&Subcategory=8","920 gp","92000","https://2e.aonprd.com/Equipment.aspx?ID=4500&NoRedirect=1","Stone Body Mutagen (Greater)","Treasure Vault pg. 61","legacy","15","2026-09-12"
"Apricot of Bestial Might","Élixir","16","Uncommon","2,000 gp","https://2e.aonprd.com/Equipment.aspx?Category=6&Subcategory=8","2,000 gp","200000","https://2e.aonprd.com/Equipment.aspx?ID=947&NoRedirect=1","Apricot of Bestial Might","Pathfinder #167: Ready? Fight! pg. 74","source_unique","16","2026-09-12"
"Cooling Elixir (Greater)","Élixir","16","Common","1,400 gp","https://2e.aonprd.com/Equipment.aspx?Category=6&Subcategory=8","1,400 gp","140000","https://2e.aonprd.com/Equipment.aspx?ID=98&NoRedirect=1","Salamander Elixir (Greater)","Core Rulebook pg. 549","legacy","16","2026-09-12"
"Eagle-Eye Elixir (Major)","Élixir","16","Common","2,000 gp","https://2e.aonprd.com/Equipment.aspx?Category=6&Subcategory=8","2,000 gp","200000","https://2e.aonprd.com/Equipment.aspx?ID=90&NoRedirect=1","Eagle-Eye Elixir (Major)","Core Rulebook pg. 548","legacy","16","2026-09-12"
"Numbing Tonic (Major)","Élixir","16","Common","1,400 gp","https://2e.aonprd.com/Equipment.aspx?Category=6&Subcategory=8","1,400 gp","140000","https://2e.aonprd.com/Equipment.aspx?ID=4496&NoRedirect=1","Numbing Tonic (Major)","Treasure Vault pg. 60","legacy","16","2026-09-12"
"Witchwarg Elixir (Greater)","Élixir","16","Common","1,400 gp","https://2e.aonprd.com/Equipment.aspx?Category=6&Subcategory=8","1,400 gp","140000","https://2e.aonprd.com/Equipment.aspx?ID=103&NoRedirect=1","Winter Wolf Elixir (Greater)","Core Rulebook pg. 550","legacy","16","2026-09-12"
"Bendy-Arm Mutagen (Major)","Élixir","17","Common","3,000 gp","https://2e.aonprd.com/Equipment.aspx?Category=6&Subcategory=8","3,000 gp","300000","https://2e.aonprd.com/Equipment.aspx?ID=4491&NoRedirect=1","Choker-Arm Mutagen (Major)","Treasure Vault pg. 59","legacy","17","2026-09-12"
"Bestial Mutagen (Major)","Élixir","17","Common","3,000 gp","https://2e.aonprd.com/Equipment.aspx?Category=6&Subcategory=8","3,000 gp","300000","https://2e.aonprd.com/Equipment.aspx?ID=82&NoRedirect=1","Bestial Mutagen (Major)","Core Rulebook pg. 546","legacy","17","2026-09-12"
"Cognitive Mutagen (Major)","Élixir","17","Common","3,000 gp","https://2e.aonprd.com/Equipment.aspx?Category=6&Subcategory=8","3,000 gp","300000","https://2e.aonprd.com/Equipment.aspx?ID=87&NoRedirect=1","Cognitive Mutagen (Major)","Core Rulebook pg. 547","legacy","17","2026-09-12"
"Deadweight Mutagen (Major)","Élixir","17","Common","3,000 gp","https://2e.aonprd.com/Equipment.aspx?Category=6&Subcategory=8","3,000 gp","300000","https://2e.aonprd.com/Equipment.aspx?ID=4494&NoRedirect=1","Deadweight Mutagen (Major)","Treasure Vault pg. 60","legacy","17","2026-09-12"
"Drakeheart Mutagen (Major)","Élixir","17","Common","3,000 gp","https://2e.aonprd.com/Equipment.aspx?Category=6&Subcategory=8","3,000 gp","300000","https://2e.aonprd.com/Equipment.aspx?ID=688&NoRedirect=1","Drakeheart Mutagen (Major)","Advanced Player's Guide pg. 253","legacy","17","2026-09-12"
"Energy Mutagen (Major)","Élixir","17","Common","3,000 gp","https://2e.aonprd.com/Equipment.aspx?Category=6&Subcategory=8","3,000 gp","300000","https://2e.aonprd.com/Equipment.aspx?ID=4495&NoRedirect=1","Energy Mutagen (Major)","Treasure Vault pg. 60","legacy","17","2026-09-12"
"Juggernaut Mutagen (Major)","Élixir","17","Common","3,000 gp","https://2e.aonprd.com/Equipment.aspx?Category=6&Subcategory=8","3,000 gp","300000","https://2e.aonprd.com/Equipment.aspx?ID=94&NoRedirect=1","Juggernaut Mutagen (Major)","Core Rulebook pg. 548","legacy","17","2026-09-12"
"Prey Mutagen (Major)","Élixir","17","Rare","3,000 gp","https://2e.aonprd.com/Equipment.aspx?Category=6&Subcategory=8","3,000 gp","300000","https://2e.aonprd.com/Equipment.aspx?ID=2672&NoRedirect=1","Prey Mutagen (Major)","Pathfinder #194: Cult of the Cave Worm pg. 79","source_unique","17","2026-09-12"
"Quicksilver Mutagen (Major)","Élixir","17","Common","3,000 gp","https://2e.aonprd.com/Equipment.aspx?Category=6&Subcategory=8","3,000 gp","300000","https://2e.aonprd.com/Equipment.aspx?ID=97&NoRedirect=1","Quicksilver Mutagen (Major)","Core Rulebook pg. 549","legacy","17","2026-09-12"
"Serene Mutagen (Major)","Élixir","17","Common","3,000 gp","https://2e.aonprd.com/Equipment.aspx?Category=6&Subcategory=8","3,000 gp","300000","https://2e.aonprd.com/Equipment.aspx?ID=100&NoRedirect=1","Serene Mutagen (Major)","Core Rulebook pg. 549","legacy","17","2026-09-12"
"Silvertongue Mutagen (Major)","Élixir","17","Common","3,000 gp","https://2e.aonprd.com/Equipment.aspx?Category=6&Subcategory=8","3,000 gp","300000","https://2e.aonprd.com/Equipment.aspx?ID=101&NoRedirect=1","Silvertongue Mutagen (Major)","Core Rulebook pg. 550","legacy","17","2026-09-12"
"Sixfingers Elixir (Greater)","Élixir","17","Uncommon","2,500 gp","https://2e.aonprd.com/Equipment.aspx?Category=6&Subcategory=8","2,500 gp","250000","https://2e.aonprd.com/Equipment.aspx?ID=791&NoRedirect=1","Sixfingers Elixir (Greater)","The Slithering pg. 61","source_unique","17","2026-09-12"
"Soothing Tonic (Major)","Élixir","17","Common","2,700 gp","https://2e.aonprd.com/Equipment.aspx?Category=6&Subcategory=8","2,700 gp","270000","https://2e.aonprd.com/Equipment.aspx?ID=4498&NoRedirect=1","Soothing Tonic (Major)","Treasure Vault pg. 60","legacy","17","2026-09-12"
"Spiderfoot Brew (Greater)","Élixir","17","Common","2,500 gp","https://2e.aonprd.com/Equipment.aspx?Category=6&Subcategory=8","2,500 gp","250000","https://2e.aonprd.com/Equipment.aspx?ID=4499&NoRedirect=1","Spiderfoot Brew (Greater)","Treasure Vault pg. 61","legacy","17","2026-09-12"
"Theatrical Mutagen (Major)","Élixir","17","Common","3,000 gp","https://2e.aonprd.com/Equipment.aspx?Category=6&Subcategory=8","3,000 gp","300000","https://2e.aonprd.com/Equipment.aspx?ID=4501&NoRedirect=1","Theatrical Mutagen (Major)","Treasure Vault pg. 61","legacy","17","2026-09-12"
"War Blood Mutagen (Major)","Élixir","17","Uncommon","3,000 gp","https://2e.aonprd.com/Equipment.aspx?Category=6&Subcategory=8","3,000 gp","300000","https://2e.aonprd.com/Equipment.aspx?ID=1549&NoRedirect=1","War Blood Mutagen (Major)","Pathfinder #178: Punks in a Powderkeg pg. 77","source_unique","17","2026-09-12"
"Applereed Mutagen (Greater)","Élixir","18","Rare","5,000 gp","https://2e.aonprd.com/Equipment.aspx?Category=6&Subcategory=8","5,000 gp","500000","https://2e.aonprd.com/Equipment.aspx?ID=783&NoRedirect=1","Applereed Mutagen (Greater)","Legends pg. 86","source_unique","18","2026-09-12"
"Blood Booster (Greater)","Élixir","18","Common","3,400 gp","https://2e.aonprd.com/Equipment.aspx?Category=6&Subcategory=8","3,400 gp","340000","https://2e.aonprd.com/Equipment.aspx?ID=4490&NoRedirect=1","Blood Booster (Greater)","Treasure Vault pg. 59","legacy","18","2026-09-12"
"Bottled Catharsis (Major)","Élixir","18","Common","3,250 gp","https://2e.aonprd.com/Equipment.aspx?Category=6&Subcategory=8","3,250 gp","325000","https://2e.aonprd.com/Equipment.aspx?ID=689&NoRedirect=1","Focus Cathartic (Major)","Advanced Player's Guide pg. 254","legacy","18","2026-09-12"
"Surging Serum (Major)","Élixir","18","Common","3,250 gp","https://2e.aonprd.com/Equipment.aspx?Category=6&Subcategory=8","3,250 gp","325000","https://2e.aonprd.com/Equipment.aspx?ID=691&NoRedirect=1","Sinew-Shock Serum (Major)","Advanced Player's Guide pg. 254","legacy","18","2026-09-12"
"Vaccine (Major)","Élixir","18","Common","5,000 gp","https://2e.aonprd.com/Equipment.aspx?Category=6&Subcategory=8","5,000 gp","500000","https://2e.aonprd.com/Equipment.aspx?ID=4502&NoRedirect=1","Vaccine (Major)","Treasure Vault pg. 61","legacy","18","2026-09-12"
"Chromatic Jellyfish Oil (Greater)","Élixir","19","Common","5,200 gp","https://2e.aonprd.com/Equipment.aspx?Category=6&Subcategory=8","5,200 gp","520000","https://2e.aonprd.com/Equipment.aspx?ID=4492&NoRedirect=1","Chromatic Jellyfish Oil (Greater)","Treasure Vault pg. 59","legacy","19","2026-09-12"
"Contagion Metabolizer (Greater)","Élixir","19","Common","8,000 gp","https://2e.aonprd.com/Equipment.aspx?Category=6&Subcategory=8","8,000 gp","800000","https://2e.aonprd.com/Equipment.aspx?ID=4493&NoRedirect=1","Contagion Metabolizer (Greater)","Treasure Vault pg. 59","legacy","19","2026-09-12"
"Elixir of Life (True)","Élixir","19","Common","8,000 gp","https://2e.aonprd.com/Equipment.aspx?Category=6&Subcategory=8","8,000 gp","800000","https://2e.aonprd.com/Equipment.aspx?ID=91&NoRedirect=1","Elixir of Life (True)","Core Rulebook pg. 548","legacy","19","2026-09-12"
"Numbing Tonic (True)","Élixir","19","Common","8,000 gp","https://2e.aonprd.com/Equipment.aspx?Category=6&Subcategory=8","8,000 gp","800000","https://2e.aonprd.com/Equipment.aspx?ID=4496&NoRedirect=1","Numbing Tonic (True)","Treasure Vault pg. 60","legacy","19","2026-09-12"
"Elixir of Rejuvenation","Élixir","20","Uncommon","","https://2e.aonprd.com/Equipment.aspx?Category=6&Subcategory=8","","","https://2e.aonprd.com/Equipment.aspx?ID=92&NoRedirect=1","Elixir of Rejuvenation","Core Rulebook pg. 548","legacy","20","2026-09-12"
"Sun Orchid Elixir","Élixir","20","Rare","","https://2e.aonprd.com/Equipment.aspx?Category=6&Subcategory=8","","","https://2e.aonprd.com/Equipment.aspx?ID=497&NoRedirect=1","Sun Orchid Elixir","World Guide pg. 55","source_unique","20","2026-09-12"

