"Onglet source","Catégorie","Type","Nom officiel (EN)","Prix","Dégâts","Portée","Rechargement","Bulk","Mains","Groupe","Traits","Niveau","Rareté","Livre","Source","Livre / source","Ensemble","Catégorie PF2e","Rareté / accès","Nature","Notes","Bonus CA","Dex max.","Pénalité tests","Pénalité vitesse","Force requise","Dureté","PV","Seuil de rupture (BT)","Prix vérifié AoN","Prix vérifié (pc)","Fiche AoN vérifiée","Nom AoN retenu","Livre AoN","Édition retenue","Niveau AoN","Date vérification"
"Armes standards","Simple","Mêlée","Club","0","1d6 B","","","1","1","Club","Thrown 10 ft.","0","Common","Player Core pp. 277–281","https://2e.aonprd.com/Weapons.aspx?ID=2&NoRedirect=1","","","","","","","","","","","","","","","","0","https://2e.aonprd.com/Weapons.aspx?ID=2&NoRedirect=1","Club","Core Rulebook pg. 280","legacy","0","2026-09-12"
"Armes standards","Simple","Mêlée","Dagger","2 sp","1d4 P","","","L","1","Knife","Agile, finesse, thrown 10 ft., versatile S","0","Common","Player Core pp. 277–281","https://2e.aonprd.com/Weapons.aspx?ID=3&NoRedirect=1","","","","","","","","","","","","","","","2 sp","20","https://2e.aonprd.com/Weapons.aspx?ID=3&NoRedirect=1","Dagger","Core Rulebook pg. 280","legacy","0","2026-09-12"
"Armes standards","Simple","Mêlée","Gauntlet","2 sp","1d4 B","","","L","1","Brawling","Agile, free-hand","0","Common","Player Core pp. 277–281","https://2e.aonprd.com/Weapons.aspx?ID=4&NoRedirect=1","","","","","","","","","","","","","","","2 sp","20","https://2e.aonprd.com/Weapons.aspx?ID=4&NoRedirect=1","Gauntlet","Core Rulebook pg. 280","legacy","0","2026-09-12"
"Armes standards","Simple","Mêlée","Light mace","4 sp","1d4 B","","","L","1","Club","Agile, finesse, shove","0","Common","Player Core pp. 277–281","https://2e.aonprd.com/Weapons.aspx?ID=5&NoRedirect=1","","","","","","","","","","","","","","","4 sp","40","https://2e.aonprd.com/Weapons.aspx?ID=5&NoRedirect=1","Light Mace","Core Rulebook pg. 280","legacy","0","2026-09-12"
"Armes standards","Simple","Mêlée","Longspear","5 sp","1d8 P","","","2","2","Spear","Reach","0","Common","Player Core pp. 277–281","https://2e.aonprd.com/Weapons.aspx?ID=6&NoRedirect=1","","","","","","","","","","","","","","","5 sp","50","https://2e.aonprd.com/Weapons.aspx?ID=6&NoRedirect=1","Longspear","Core Rulebook pg. 280","legacy","0","2026-09-12"
"Armes standards","Simple","Mêlée","Mace","1 gp","1d6 B","","","1","1","Club","Shove","0","Common","Player Core pp. 277–281","https://2e.aonprd.com/Weapons.aspx?ID=7&NoRedirect=1","","","","","","","","","","","","","","","1 gp","100","https://2e.aonprd.com/Weapons.aspx?ID=7&NoRedirect=1","Mace","Core Rulebook pg. 280","legacy","0","2026-09-12"
"Armes standards","Simple","Mêlée","Morningstar","1 gp","1d6 B","","","1","1","Club","Versatile P","0","Common","Player Core pp. 277–281","https://2e.aonprd.com/Weapons.aspx?ID=8&NoRedirect=1","","","","","","","","","","","","","","","1 gp","100","https://2e.aonprd.com/Weapons.aspx?ID=8&NoRedirect=1","Morningstar","Core Rulebook pg. 280","legacy","0","2026-09-12"
"Armes standards","Simple","Mêlée","Sickle","2 sp","1d4 S","","","L","1","Knife","Agile, finesse, trip","0","Common","Player Core pp. 277–281","https://2e.aonprd.com/Weapons.aspx?ID=9&NoRedirect=1","","","","","","","","","","","","","","","2 sp","20","https://2e.aonprd.com/Weapons.aspx?ID=9&NoRedirect=1","Sickle","Core Rulebook pg. 280","legacy","0","2026-09-12"
"Armes standards","Simple","Mêlée","Spear","1 sp","1d6 P","","","1","1","Spear","Monk, thrown 20 ft.","0","Common","Player Core pp. 277–281","https://2e.aonprd.com/Weapons.aspx?ID=10&NoRedirect=1","","","","","","","","","","","","","","","1 sp","10","https://2e.aonprd.com/Weapons.aspx?ID=10&NoRedirect=1","Spear","Core Rulebook pg. 280","legacy","0","2026-09-12"
"Armes standards","Simple","Mêlée","Spiked gauntlet","3 sp","1d4 P","","","L","1","Brawling","Agile, free-hand","0","Common","Player Core pp. 277–281","https://2e.aonprd.com/Weapons.aspx?ID=11&NoRedirect=1","","","","","","","","","","","","","","","3 sp","30","https://2e.aonprd.com/Weapons.aspx?ID=11&NoRedirect=1","Spiked Gauntlet","Core Rulebook pg. 280","legacy","0","2026-09-12"
"Armes standards","Simple","Mêlée","Staff","0","1d4 B","","","1","1","Club","Monk, two-hand d8","0","Common","Player Core pp. 277–281","https://2e.aonprd.com/Weapons.aspx?ID=12&NoRedirect=1","","","","","","","","","","","","","","","","0","https://2e.aonprd.com/Weapons.aspx?ID=12&NoRedirect=1","Staff","Core Rulebook pg. 280","legacy","0","2026-09-12"
"Armes standards","Martial","Mêlée","Bastard sword","4 gp","1d8 S","","","1","1","Sword","Two-hand d12","0","Common","Player Core pp. 277–281","https://2e.aonprd.com/Weapons.aspx?ID=15&NoRedirect=1","","","","","","","","","","","","","","","4 gp","400","https://2e.aonprd.com/Weapons.aspx?ID=15&NoRedirect=1","Bastard Sword","Core Rulebook pg. 280","legacy","0","2026-09-12"
"Armes standards","Martial","Mêlée","Battle axe","1 gp","1d8 S","","","1","1","Axe","Sweep","0","Common","Player Core pp. 277–281","https://2e.aonprd.com/Weapons.aspx?ID=16&NoRedirect=1","","","","","","","","","","","","","","","1 gp","100","https://2e.aonprd.com/Weapons.aspx?ID=16&NoRedirect=1","Battle Axe","Core Rulebook pg. 280","legacy","0","2026-09-12"
"Armes standards","Martial","Mêlée","Bo staff","2 sp","1d8 B","","","2","2","Club","Monk, parry, reach, trip","0","Common","Player Core pp. 277–281","https://2e.aonprd.com/Weapons.aspx?ID=17&NoRedirect=1","","","","","","","","","","","","","","","2 sp","20","https://2e.aonprd.com/Weapons.aspx?ID=17&NoRedirect=1","Bo Staff","Core Rulebook pg. 280","legacy","0","2026-09-12"
"Armes standards","Martial","Mêlée","Falchion","3 gp","1d10 S","","","2","2","Sword","Forceful, sweep","0","Common","Player Core pp. 277–281","https://2e.aonprd.com/Weapons.aspx?ID=18&NoRedirect=1","","","","","","","","","","","","","","","3 gp","300","https://2e.aonprd.com/Weapons.aspx?ID=18&NoRedirect=1","Falchion","Core Rulebook pg. 280","legacy","0","2026-09-12"
"Armes standards","Martial","Mêlée","Flail","8 sp","1d6 B","","","1","1","Flail","Disarm, sweep, trip","0","Common","Player Core pp. 277–281","https://2e.aonprd.com/Weapons.aspx?ID=19&NoRedirect=1","","","","","","","","","","","","","","","8 sp","80","https://2e.aonprd.com/Weapons.aspx?ID=19&NoRedirect=1","Flail","Core Rulebook pg. 280","legacy","0","2026-09-12"
"Armes standards","Martial","Mêlée","Glaive","1 gp","1d8 S","","","2","2","Polearm","Deadly d8, forceful, reach","0","Common","Player Core pp. 277–281","https://2e.aonprd.com/Weapons.aspx?ID=20&NoRedirect=1","","","","","","","","","","","","","","","1 gp","100","https://2e.aonprd.com/Weapons.aspx?ID=20&NoRedirect=1","Glaive","Core Rulebook pg. 280","legacy","0","2026-09-12"
"Armes standards","Martial","Mêlée","Greataxe","2 gp","1d12 S","","","2","2","Axe","Sweep","0","Common","Player Core pp. 277–281","https://2e.aonprd.com/Weapons.aspx?ID=21&NoRedirect=1","","","","","","","","","","","","","","","2 gp","200","https://2e.aonprd.com/Weapons.aspx?ID=21&NoRedirect=1","Greataxe","Core Rulebook pg. 280","legacy","0","2026-09-12"
"Armes standards","Martial","Mêlée","Greatclub","1 gp","1d10 B","","","2","2","Club","Backswing, shove","0","Common","Player Core pp. 277–281","https://2e.aonprd.com/Weapons.aspx?ID=22&NoRedirect=1","","","","","","","","","","","","","","","1 gp","100","https://2e.aonprd.com/Weapons.aspx?ID=22&NoRedirect=1","Greatclub","Core Rulebook pg. 280","legacy","0","2026-09-12"
"Armes standards","Martial","Mêlée","Greatpick","1 gp","1d10 P","","","2","2","Pick","Fatal d12","0","Common","Player Core pp. 277–281","https://2e.aonprd.com/Weapons.aspx?ID=23&NoRedirect=1","","","","","","","","","","","","","","","1 gp","100","https://2e.aonprd.com/Weapons.aspx?ID=23&NoRedirect=1","Greatpick","Core Rulebook pg. 280","legacy","0","2026-09-12"
"Armes standards","Martial","Mêlée","Greatsword","2 gp","1d12 S","","","2","2","Sword","Versatile P","0","Common","Player Core pp. 277–281","https://2e.aonprd.com/Weapons.aspx?ID=24&NoRedirect=1","","","","","","","","","","","","","","","2 gp","200","https://2e.aonprd.com/Weapons.aspx?ID=24&NoRedirect=1","Greatsword","Core Rulebook pg. 280","legacy","0","2026-09-12"
"Armes standards","Martial","Mêlée","Guisarme","2 gp","1d10 S","","","2","2","Polearm","Reach, trip","0","Common","Player Core pp. 277–281","https://2e.aonprd.com/Weapons.aspx?ID=25&NoRedirect=1","","","","","","","","","","","","","","","2 gp","200","https://2e.aonprd.com/Weapons.aspx?ID=25&NoRedirect=1","Guisarme","Core Rulebook pg. 280","legacy","0","2026-09-12"
"Armes standards","Martial","Mêlée","Halberd","2 gp","1d10 P","","","2","2","Polearm","Reach, versatile S","0","Common","Player Core pp. 277–281","https://2e.aonprd.com/Weapons.aspx?ID=26&NoRedirect=1","","","","","","","","","","","","","","","2 gp","200","https://2e.aonprd.com/Weapons.aspx?ID=26&NoRedirect=1","Halberd","Core Rulebook pg. 280","legacy","0","2026-09-12"
"Armes standards","Martial","Mêlée","Hatchet","4 sp","1d6 S","","","L","1","Axe","Agile, sweep, thrown 10 ft.","0","Common","Player Core pp. 277–281","https://2e.aonprd.com/Weapons.aspx?ID=27&NoRedirect=1","","","","","","","","","","","","","","","4 sp","40","https://2e.aonprd.com/Weapons.aspx?ID=27&NoRedirect=1","Hatchet","Core Rulebook pg. 280","legacy","0","2026-09-12"
"Armes standards","Martial","Mêlée","Lance","1 gp","1d8 P","","","2","2","Spear","Deadly d8, jousting d6, reach","0","Common","Player Core pp. 277–281","https://2e.aonprd.com/Weapons.aspx?ID=28&NoRedirect=1","","","","","","","","","","","","","","","1 gp","100","https://2e.aonprd.com/Weapons.aspx?ID=28&NoRedirect=1","Lance","Core Rulebook pg. 280","legacy","0","2026-09-12"
"Armes standards","Martial","Mêlée","Light hammer","3 sp","1d6 B","","","L","1","Hammer","Agile, thrown 20 ft.","0","Common","Player Core pp. 277–281","https://2e.aonprd.com/Weapons.aspx?ID=29&NoRedirect=1","","","","","","","","","","","","","","","3 sp","30","https://2e.aonprd.com/Weapons.aspx?ID=29&NoRedirect=1","Light Hammer","Core Rulebook pg. 281","legacy","0","2026-09-12"
"Armes standards","Martial","Mêlée","Light pick","4 sp","1d4 P","","","L","1","Pick","Agile, fatal d8","0","Common","Player Core pp. 277–281","https://2e.aonprd.com/Weapons.aspx?ID=30&NoRedirect=1","","","","","","","","","","","","","","","4 sp","40","https://2e.aonprd.com/Weapons.aspx?ID=30&NoRedirect=1","Light Pick","Core Rulebook pg. 281","legacy","0","2026-09-12"
"Armes standards","Martial","Mêlée","Longsword","1 gp","1d8 S","","","1","1","Sword","Versatile P","0","Common","Player Core pp. 277–281","https://2e.aonprd.com/Weapons.aspx?ID=31&NoRedirect=1","","","","","","","","","","","","","","","1 gp","100","https://2e.aonprd.com/Weapons.aspx?ID=31&NoRedirect=1","Longsword","Core Rulebook pg. 281","legacy","0","2026-09-12"
"Armes standards","Martial","Mêlée","Main-gauche","5 sp","1d4 P","","","L","1","Knife","Agile, disarm, finesse, parry, versatile S","0","Common","Player Core pp. 277–281","https://2e.aonprd.com/Weapons.aspx?ID=32&NoRedirect=1","","","","","","","","","","","","","","","5 sp","50","https://2e.aonprd.com/Weapons.aspx?ID=32&NoRedirect=1","Main-gauche","Core Rulebook pg. 281","legacy","0","2026-09-12"
"Armes standards","Martial","Mêlée","Maul","3 gp","1d12 B","","","2","2","Hammer","Shove","0","Common","Player Core pp. 277–281","https://2e.aonprd.com/Weapons.aspx?ID=33&NoRedirect=1","","","","","","","","","","","","","","","3 gp","300","https://2e.aonprd.com/Weapons.aspx?ID=33&NoRedirect=1","Maul","Core Rulebook pg. 281","legacy","0","2026-09-12"
"Armes standards","Martial","Mêlée","Pick","7 sp","1d6 P","","","1","1","Pick","Fatal d10","0","Common","Player Core pp. 277–281","https://2e.aonprd.com/Weapons.aspx?ID=34&NoRedirect=1","","","","","","","","","","","","","","","7 sp","70","https://2e.aonprd.com/Weapons.aspx?ID=34&NoRedirect=1","Pick","Core Rulebook pg. 281","legacy","0","2026-09-12"
"Armes standards","Martial","Mêlée","Ranseur","2 gp","1d10 P","","","2","2","Polearm","Disarm, reach","0","Common","Player Core pp. 277–281","https://2e.aonprd.com/Weapons.aspx?ID=35&NoRedirect=1","","","","","","","","","","","","","","","2 gp","200","https://2e.aonprd.com/Weapons.aspx?ID=35&NoRedirect=1","Ranseur","Core Rulebook pg. 281","legacy","0","2026-09-12"
"Armes standards","Martial","Mêlée","Rapier","2 gp","1d6 P","","","1","1","Sword","Deadly d8, disarm, finesse","0","Common","Player Core pp. 277–281","https://2e.aonprd.com/Weapons.aspx?ID=36&NoRedirect=1","","","","","","","","","","","","","","","2 gp","200","https://2e.aonprd.com/Weapons.aspx?ID=36&NoRedirect=1","Rapier","Core Rulebook pg. 281","legacy","0","2026-09-12"
"Armes standards","Martial","Mêlée","Sap","1 sp","1d6 B","","","L","1","Club","Agile, nonlethal","0","Common","Player Core pp. 277–281","https://2e.aonprd.com/Weapons.aspx?ID=37&NoRedirect=1","","","","","","","","","","","","","","","1 sp","10","https://2e.aonprd.com/Weapons.aspx?ID=37&NoRedirect=1","Sap","Core Rulebook pg. 281","legacy","0","2026-09-12"
"Armes standards","Martial","Mêlée","Scimitar","1 gp","1d6 S","","","1","1","Sword","Forceful, sweep","0","Common","Player Core pp. 277–281","https://2e.aonprd.com/Weapons.aspx?ID=38&NoRedirect=1","","","","","","","","","","","","","","","1 gp","100","https://2e.aonprd.com/Weapons.aspx?ID=38&NoRedirect=1","Scimitar","Core Rulebook pg. 281","legacy","0","2026-09-12"
"Armes standards","Martial","Mêlée","Scythe","2 gp","1d10 S","","","2","2","Polearm","Deadly d10, trip","0","Common","Player Core pp. 277–281","https://2e.aonprd.com/Weapons.aspx?ID=39&NoRedirect=1","","","","","","","","","","","","","","","2 gp","200","https://2e.aonprd.com/Weapons.aspx?ID=39&NoRedirect=1","Scythe","Core Rulebook pg. 281","legacy","0","2026-09-12"
"Armes standards","Martial","Mêlée","Shield bash","—","1d4 B","","","—","1","Shield","—","0","Common","Player Core pp. 277–281","https://2e.aonprd.com/Weapons.aspx?ID=40&NoRedirect=1","","","","","","","","","","","","","","","","","https://2e.aonprd.com/Weapons.aspx?ID=40&NoRedirect=1","Shield Bash","Core Rulebook pg. 281","legacy","0","2026-09-12"
"Armes standards","Martial","Mêlée","Shield boss","5 sp","1d6 B","","","—","1","Shield","Attached to shield","0","Common","Player Core pp. 277–281","https://2e.aonprd.com/Weapons.aspx?ID=41&NoRedirect=1","","","","","","","","","","","","","","","5 sp","50","https://2e.aonprd.com/Weapons.aspx?ID=41&NoRedirect=1","Shield Boss","Core Rulebook pg. 281","legacy","0","2026-09-12"
"Armes standards","Martial","Mêlée","Shield spikes","5 sp","1d6 P","","","—","1","Shield","Attached to shield","0","Common","Player Core pp. 277–281","https://2e.aonprd.com/Weapons.aspx?ID=42&NoRedirect=1","","","","","","","","","","","","","","","5 sp","50","https://2e.aonprd.com/Weapons.aspx?ID=42&NoRedirect=1","Shield Spikes","Core Rulebook pg. 281","legacy","0","2026-09-12"
"Armes standards","Martial","Mêlée","Shortsword","9 sp","1d6 P","","","L","1","Sword","Agile, finesse, versatile S","0","Common","Player Core pp. 277–281","https://2e.aonprd.com/Weapons.aspx?ID=43&NoRedirect=1","","","","","","","","","","","","","","","9 sp","90","https://2e.aonprd.com/Weapons.aspx?ID=43&NoRedirect=1","Shortsword","Core Rulebook pg. 281","legacy","0","2026-09-12"
"Armes standards","Martial","Mêlée","Starknife","2 gp","1d4 P","","","L","1","Knife","Agile, deadly d6, finesse, thrown 20 ft., versatile S","0","Common","Player Core pp. 277–281","https://2e.aonprd.com/Weapons.aspx?ID=44&NoRedirect=1","","","","","","","","","","","","","","","2 gp","200","https://2e.aonprd.com/Weapons.aspx?ID=44&NoRedirect=1","Starknife","Core Rulebook pg. 281","legacy","0","2026-09-12"
"Armes standards","Martial","Mêlée","Sword cane","5 gp","1d6 P","","","1","1","Sword","Agile, concealable, finesse","0","Common","Player Core pp. 277–281","https://2e.aonprd.com/Weapons.aspx?ID=127&NoRedirect=1","","","","","","","","","","","","","","","5 gp","500","https://2e.aonprd.com/Weapons.aspx?ID=127&NoRedirect=1","Sword Cane","Advanced Player's Guide pg. 248","legacy","0","2026-09-12"
"Armes standards","Martial","Mêlée","Trident","1 gp","1d8 P","","","1","1","Spear","Thrown 20 ft.","0","Common","Player Core pp. 277–281","https://2e.aonprd.com/Weapons.aspx?ID=45&NoRedirect=1","","","","","","","","","","","","","","","1 gp","100","https://2e.aonprd.com/Weapons.aspx?ID=45&NoRedirect=1","Trident","Core Rulebook pg. 281","legacy","0","2026-09-12"
"Armes standards","Martial","Mêlée","War flail","2 gp","1d10 B","","","2","2","Flail","Disarm, sweep, trip","0","Common","Player Core pp. 277–281","https://2e.aonprd.com/Weapons.aspx?ID=46&NoRedirect=1","","","","","","","","","","","","","","","2 gp","200","https://2e.aonprd.com/Weapons.aspx?ID=46&NoRedirect=1","War Flail","Core Rulebook pg. 281","legacy","0","2026-09-12"
"Armes standards","Martial","Mêlée","Warhammer","1 gp","1d8 B","","","1","1","Hammer","Shove","0","Common","Player Core pp. 277–281","https://2e.aonprd.com/Weapons.aspx?ID=47&NoRedirect=1","","","","","","","","","","","","","","","1 gp","100","https://2e.aonprd.com/Weapons.aspx?ID=47&NoRedirect=1","Warhammer","Core Rulebook pg. 281","legacy","0","2026-09-12"
"Armes standards","Martial","Mêlée","Whip","1 sp","1d4 S","","","1","1","Flail","Disarm, finesse, nonlethal, reach, trip","0","Common","Player Core pp. 277–281","https://2e.aonprd.com/Weapons.aspx?ID=48&NoRedirect=1","","","","","","","","","","","","","","","1 sp","10","https://2e.aonprd.com/Weapons.aspx?ID=48&NoRedirect=1","Whip","Core Rulebook pg. 281","legacy","0","2026-09-12"
"Armes standards","Simple","Distance","Blowgun","1 sp","1 P","20 ft.","1","L","1","Dart","Agile, nonlethal","0","Common","Player Core pp. 277–281","https://2e.aonprd.com/Weapons.aspx?ID=66&NoRedirect=1","","","","","","","","","","","","","","","1 sp","10","https://2e.aonprd.com/Weapons.aspx?ID=66&NoRedirect=1","Blowgun","Core Rulebook pg. 281","legacy","0","2026-09-12"
"Armes standards","Simple","Distance","Crossbow","3 gp","1d8 P","120 ft.","1","1","2","Crossbow","—","0","Common","Player Core pp. 277–281","https://2e.aonprd.com/Weapons.aspx?ID=67&NoRedirect=1","","","","","","","","","","","","","","","3 gp","300","https://2e.aonprd.com/Weapons.aspx?ID=67&NoRedirect=1","Crossbow","Core Rulebook pg. 281","legacy","0","2026-09-12"
"Armes standards","Simple","Distance","Dart","1 cp","1d4 P","20 ft.","—","L","1","Dart","Agile, thrown","0","Common","Player Core pp. 277–281","https://2e.aonprd.com/Weapons.aspx?ID=68&NoRedirect=1","","","","","","","","","","","","","","","1 cp","1","https://2e.aonprd.com/Weapons.aspx?ID=68&NoRedirect=1","Dart","Core Rulebook pg. 281","legacy","0","2026-09-12"
"Armes standards","Simple","Distance","Hand crossbow","3 gp","1d6 P","60 ft.","1","L","1","Crossbow","—","0","Common","Player Core pp. 277–281","https://2e.aonprd.com/Weapons.aspx?ID=69&NoRedirect=1","","","","","","","","","","","","","","","3 gp","300","https://2e.aonprd.com/Weapons.aspx?ID=69&NoRedirect=1","Hand Crossbow","Core Rulebook pg. 281","legacy","0","2026-09-12"
"Armes standards","Simple","Distance","Heavy crossbow","4 gp","1d10 P","120 ft.","2","2","2","Crossbow","—","0","Common","Player Core pp. 277–281","https://2e.aonprd.com/Weapons.aspx?ID=70&NoRedirect=1","","","","","","","","","","","","","","","4 gp","400","https://2e.aonprd.com/Weapons.aspx?ID=70&NoRedirect=1","Heavy Crossbow","Core Rulebook pg. 281","legacy","0","2026-09-12"
"Armes standards","Simple","Distance","Javelin","1 sp","1d6 P","30 ft.","—","L","1","Dart","Thrown","0","Common","Player Core pp. 277–281","https://2e.aonprd.com/Weapons.aspx?ID=71&NoRedirect=1","","","","","","","","","","","","","","","1 sp","10","https://2e.aonprd.com/Weapons.aspx?ID=71&NoRedirect=1","Javelin","Core Rulebook pg. 282","legacy","0","2026-09-12"
"Armes standards","Simple","Distance","Sling","0","1d6 B","50 ft.","1","L","1","Sling","Propulsive","0","Common","Player Core pp. 277–281","https://2e.aonprd.com/Weapons.aspx?ID=72&NoRedirect=1","","","","","","","","","","","","","","","","0","https://2e.aonprd.com/Weapons.aspx?ID=72&NoRedirect=1","Sling","Core Rulebook pg. 282","legacy","0","2026-09-12"
"Armes standards","Martial","Distance","Arbalest","12 gp","1d10 P","110 ft.","1","2","2","Crossbow","Backstabber","0","Common","Player Core pp. 277–281","https://2e.aonprd.com/Weapons.aspx?ID=432","","","","","","","","","","","","","","","8 gp","800","https://2e.aonprd.com/Weapons.aspx?ID=432&NoRedirect=1","Arbalest","Player Core pg. 280","remaster_sans_tarif_legacy","0","2026-09-12"
"Armes standards","Martial","Distance","Bola","5 sp","1d6 B","20 ft.","—","L","1","Sling","Nonlethal, ranged trip, thrown","0","Common","Player Core pp. 277–281","https://2e.aonprd.com/Weapons.aspx?ID=645&NoRedirect=1","","","","","","","","","","","","","","","5 sp","50","https://2e.aonprd.com/Weapons.aspx?ID=645&NoRedirect=1","Bola","Treasure Vault pg. 30","legacy","0","2026-09-12"
"Armes standards","Martial","Distance","Composite longbow","20 gp","1d8 P","100 ft.","0","2","1+","Bow","Deadly d10, propulsive, volley 30 ft.","0","Common","Player Core pp. 277–281","https://2e.aonprd.com/Weapons.aspx?ID=74&NoRedirect=1","","","","","","","","","","","","","","","20 gp","2000","https://2e.aonprd.com/Weapons.aspx?ID=74&NoRedirect=1","Composite Longbow","Core Rulebook pg. 282","legacy","0","2026-09-12"
"Armes standards","Martial","Distance","Composite shortbow","14 gp","1d6 P","60 ft.","0","1","1+","Bow","Deadly d10, propulsive","0","Common","Player Core pp. 277–281","https://2e.aonprd.com/Weapons.aspx?ID=75&NoRedirect=1","","","","","","","","","","","","","","","14 gp","1400","https://2e.aonprd.com/Weapons.aspx?ID=75&NoRedirect=1","Composite Shortbow","Core Rulebook pg. 282","legacy","0","2026-09-12"
"Armes standards","Martial","Distance","Longbow","6 gp","1d8 P","100 ft.","0","2","1+","Bow","Deadly d10, volley 30 ft.","0","Common","Player Core pp. 277–281","https://2e.aonprd.com/Weapons.aspx?ID=76&NoRedirect=1","","","","","","","","","","","","","","","6 gp","600","https://2e.aonprd.com/Weapons.aspx?ID=76&NoRedirect=1","Longbow","Core Rulebook pg. 282","legacy","0","2026-09-12"
"Armes standards","Martial","Distance","Shortbow","3 gp","1d6 P","60 ft.","0","1","1+","Bow","Deadly d10","0","Common","Player Core pp. 277–281","https://2e.aonprd.com/Weapons.aspx?ID=77&NoRedirect=1","","","","","","","","","","","","","","","3 gp","300","https://2e.aonprd.com/Weapons.aspx?ID=77&NoRedirect=1","Shortbow","Core Rulebook pg. 282","legacy","0","2026-09-12"
"Armes étendues","","","Clan Dagger","","","","","","","","","","","","https://2e.aonprd.com/Weapons.aspx?ID=13&NoRedirect=1","Player Core","Armes de base hors sélection commune","","","Arme de base non magique","","","","","","","","","","2 gp","200","https://2e.aonprd.com/Weapons.aspx?ID=13&NoRedirect=1","Clan Dagger","Core Rulebook pg. 280","legacy","0","2026-09-12"
"Armes étendues","","","Dogslicer","","","","","","","","","","","","https://2e.aonprd.com/Weapons.aspx?ID=49&NoRedirect=1","Player Core","Armes de base hors sélection commune","","","Arme de base non magique","","","","","","","","","","1 sp","10","https://2e.aonprd.com/Weapons.aspx?ID=49&NoRedirect=1","Dogslicer","Core Rulebook pg. 281","legacy","0","2026-09-12"
"Armes étendues","","","Dwarven Waraxe","","","","","","","","","","","","https://2e.aonprd.com/Weapons.aspx?ID=62&NoRedirect=1","Player Core","Armes de base hors sélection commune","","","Arme de base non magique","","","","","","","","","","3 gp","300","https://2e.aonprd.com/Weapons.aspx?ID=62&NoRedirect=1","Dwarven War Axe","Core Rulebook pg. 281","legacy","0","2026-09-12"
"Armes étendues","","","Elven Curve Blade","","","","","","","","","","","","https://2e.aonprd.com/Weapons.aspx?ID=50&NoRedirect=1","Player Core","Armes de base hors sélection commune","","","Arme de base non magique","","","","","","","","","","4 gp","400","https://2e.aonprd.com/Weapons.aspx?ID=50&NoRedirect=1","Elven Curve Blade","Core Rulebook pg. 281","legacy","0","2026-09-12"
"Armes étendues","","","Filcher's Fork","","","","","","","","","","","","https://2e.aonprd.com/Weapons.aspx?ID=51&NoRedirect=1","Player Core","Armes de base hors sélection commune","","","Arme de base non magique","","","","","","","","","","1 gp","100","https://2e.aonprd.com/Weapons.aspx?ID=51&NoRedirect=1","Filcher's Fork","Core Rulebook pg. 281","legacy","0","2026-09-12"
"Armes étendues","","","Gnome Flickmace","","","","","","","","","","","","https://2e.aonprd.com/Weapons.aspx?ID=63&NoRedirect=1","Player Core","Armes de base hors sélection commune","","","Arme de base non magique","","","","","","","","","","3 gp","300","https://2e.aonprd.com/Weapons.aspx?ID=63&NoRedirect=1","Gnome Flickmace","Core Rulebook pg. 281","legacy","0","2026-09-12"
"Armes étendues","","","Gnome Hooked Hammer","","","","","","","","","","","","https://2e.aonprd.com/Weapons.aspx?ID=52&NoRedirect=1","Player Core","Armes de base hors sélection commune","","","Arme de base non magique","","","","","","","","","","2 gp","200","https://2e.aonprd.com/Weapons.aspx?ID=52&NoRedirect=1","Gnome Hooked Hammer","Core Rulebook pg. 281","legacy","0","2026-09-12"
"Armes étendues","","","Halfling Sling Staff","","","","","","","","","","","","https://2e.aonprd.com/Weapons.aspx?ID=78&NoRedirect=1","Player Core","Armes de base hors sélection commune","","","Arme de base non magique","","","","","","","","","","5 gp","500","https://2e.aonprd.com/Weapons.aspx?ID=78&NoRedirect=1","Halfling Sling Staff","Core Rulebook pg. 282","legacy","0","2026-09-12"
"Armes étendues","","","Horsechopper","","","","","","","","","","","","https://2e.aonprd.com/Weapons.aspx?ID=53&NoRedirect=1","Player Core","Armes de base hors sélection commune","","","Arme de base non magique","","","","","","","","","","9 sp","90","https://2e.aonprd.com/Weapons.aspx?ID=53&NoRedirect=1","Horsechopper","Core Rulebook pg. 281","legacy","0","2026-09-12"
"Armes étendues","","","Kama","","","","","","","","","","","","https://2e.aonprd.com/Weapons.aspx?ID=54&NoRedirect=1","Player Core","Armes de base hors sélection commune","","","Arme de base non magique","","","","","","","","","","1 gp","100","https://2e.aonprd.com/Weapons.aspx?ID=54&NoRedirect=1","Kama","Core Rulebook pg. 281","legacy","0","2026-09-12"
"Armes étendues","","","Katana","","","","","","","","","","","","https://2e.aonprd.com/Weapons.aspx?ID=55&NoRedirect=1","Player Core","Armes de base hors sélection commune","Martial","Uncommon","Arme de base non magique","2 gp; 1d6 S; Deadly d8, Two-Hand d10, Versatile P.","","","","","","","","","2 gp","200","https://2e.aonprd.com/Weapons.aspx?ID=55&NoRedirect=1","Katana","Core Rulebook pg. 281","legacy","0","2026-09-12"
"Armes étendues","","","Katar","","","","","","","","","","","","https://2e.aonprd.com/Weapons.aspx?ID=14&NoRedirect=1","Player Core","Armes de base hors sélection commune","","","Arme de base non magique","","","","","","","","","","3 sp","30","https://2e.aonprd.com/Weapons.aspx?ID=14&NoRedirect=1","Katar","Core Rulebook pg. 280","legacy","0","2026-09-12"
"Armes étendues","","","Khakkara","","","","","","","","","","","","https://2e.aonprd.com/Weapons.aspx?ID=126&NoRedirect=1","Player Core","Armes de base hors sélection commune","Martial","Uncommon","Arme de base non magique","2 gp; 1d6 B; Monk, Shove, Two-Hand d10, Versatile P.","","","","","","","","","2 gp","200","https://2e.aonprd.com/Weapons.aspx?ID=126&NoRedirect=1","Khakkara","Advanced Player's Guide pg. 248","legacy","0","2026-09-12"
"Armes étendues","","","Kukri","","","","","","","","","","","","https://2e.aonprd.com/Weapons.aspx?ID=56&NoRedirect=1","Player Core","Armes de base hors sélection commune","","","Arme de base non magique","","","","","","","","","","6 sp","60","https://2e.aonprd.com/Weapons.aspx?ID=56&NoRedirect=1","Kukri","Core Rulebook pg. 281","legacy","0","2026-09-12"
"Armes étendues","","","Nunchaku","","","","","","","","","","","","https://2e.aonprd.com/Weapons.aspx?ID=57&NoRedirect=1","Player Core","Armes de base hors sélection commune","","","Arme de base non magique","","","","","","","","","","2 sp","20","https://2e.aonprd.com/Weapons.aspx?ID=57&NoRedirect=1","Nunchaku","Core Rulebook pg. 281","legacy","0","2026-09-12"
"Armes étendues","","","Orc Knuckle Dagger","","","","","","","","","","","","https://2e.aonprd.com/Weapons.aspx?ID=58&NoRedirect=1","Player Core","Armes de base hors sélection commune","","","Arme de base non magique","","","","","","","","","","7 sp","70","https://2e.aonprd.com/Weapons.aspx?ID=58&NoRedirect=1","Orc Knuckle Dagger","Core Rulebook pg. 281","legacy","0","2026-09-12"
"Armes étendues","","","Orc Necksplitter","","","","","","","","","","","","https://2e.aonprd.com/Weapons.aspx?ID=64&NoRedirect=1","Player Core","Armes de base hors sélection commune","","","Arme de base non magique","","","","","","","","","","2 gp","200","https://2e.aonprd.com/Weapons.aspx?ID=64&NoRedirect=1","Orc Necksplitter","Core Rulebook pg. 281","legacy","0","2026-09-12"
"Armes étendues","","","Sai","","","","","","","","","","","","https://2e.aonprd.com/Weapons.aspx?ID=59&NoRedirect=1","Player Core","Armes de base hors sélection commune","","","Arme de base non magique","","","","","","","","","","6 sp","60","https://2e.aonprd.com/Weapons.aspx?ID=59&NoRedirect=1","Sai","Core Rulebook pg. 281","legacy","0","2026-09-12"
"Armes étendues","","","Sawtooth Saber","","","","","","","","","","","","https://2e.aonprd.com/Weapons.aspx?ID=65&NoRedirect=1","Player Core","Armes de base hors sélection commune","","","Arme de base non magique","","","","","","","","","","5 gp","500","https://2e.aonprd.com/Weapons.aspx?ID=65&NoRedirect=1","Sawtooth Saber","Core Rulebook pg. 281","legacy","0","2026-09-12"
"Armes étendues","","","Shuriken","","","","","","","","","","","","https://2e.aonprd.com/Weapons.aspx?ID=79&NoRedirect=1","Player Core","Armes de base hors sélection commune","","","Arme de base non magique","","","","","","","","","","1 cp","1","https://2e.aonprd.com/Weapons.aspx?ID=79&NoRedirect=1","Shuriken","Core Rulebook pg. 282","legacy","0","2026-09-12"
"Armes étendues","","","Spiked Chain","","","","","","","","","","","","https://2e.aonprd.com/Weapons.aspx?ID=60&NoRedirect=1","Player Core","Armes de base hors sélection commune","","","Arme de base non magique","","","","","","","","","","3 gp","300","https://2e.aonprd.com/Weapons.aspx?ID=60&NoRedirect=1","Spiked Chain","Core Rulebook pg. 281","legacy","0","2026-09-12"
"Armes étendues","","","Temple Sword","","","","","","","","","","","","https://2e.aonprd.com/Weapons.aspx?ID=61&NoRedirect=1","Player Core","Armes de base hors sélection commune","","","Arme de base non magique","","","","","","","","","","2 gp","200","https://2e.aonprd.com/Weapons.aspx?ID=61&NoRedirect=1","Temple Sword","Core Rulebook pg. 281","legacy","0","2026-09-12"
"Armes étendues","","","Wakizashi","","","","","","","","","","","","https://2e.aonprd.com/Weapons.aspx?ID=129&NoRedirect=1","Player Core","Armes de base hors sélection commune","","","Arme de base non magique","","","","","","","","","","1 gp","100","https://2e.aonprd.com/Weapons.aspx?ID=129&NoRedirect=1","Wakizashi","Advanced Player's Guide pg. 248","legacy","0","2026-09-12"
"Armes étendues","","","Broadspear","","","","","","","","","","","","https://2e.aonprd.com/Weapons.aspx?ID=258&NoRedirect=1","Lost Omens: Impossible Lands","Armes régionales","","","Arme de base non magique","","","","","","","","","","2 gp","200","https://2e.aonprd.com/Weapons.aspx?ID=258&NoRedirect=1","Broadspear","Impossible Lands pg. 220","source_unique","0","2026-09-12"
"Armes étendues","","","Daikyu","","","","","","","","","","","","https://2e.aonprd.com/Weapons.aspx?ID=125&NoRedirect=1","Tian Xia Character Guide / Player Core 2","Armes régionales","Advanced","Uncommon","Arme de base non magique","8 gp; 1d8 P; portée 80 ft.; Forceful, Propulsive.","","","","","","","","","8 gp","800","https://2e.aonprd.com/Weapons.aspx?ID=125&NoRedirect=1","Daikyu","Advanced Player's Guide pg. 248","legacy","0","2026-09-12"
"Armes étendues","","","Dandpatta","","","","","","","","","","","","https://2e.aonprd.com/Weapons.aspx?ID=260&NoRedirect=1","Lost Omens: Impossible Lands","Armes régionales","","","Arme de base non magique","","","","","","","","","","8 sp","80","https://2e.aonprd.com/Weapons.aspx?ID=260&NoRedirect=1","Dandpatta","Impossible Lands pg. 220","source_unique","0","2026-09-12"
"Armes étendues","","","Donchak","","","","","","","","","","","","https://2e.aonprd.com/Weapons.aspx?ID=261&NoRedirect=1","Lost Omens: Impossible Lands","Armes régionales","","","Arme de base non magique","","","","","","","","","","4 gp","400","https://2e.aonprd.com/Weapons.aspx?ID=261&NoRedirect=1","Donchak","Impossible Lands pg. 220","source_unique","0","2026-09-12"
"Armes étendues","","","Gada","","","","","","","","","","","","https://2e.aonprd.com/Weapons.aspx?ID=262&NoRedirect=1","Lost Omens: Impossible Lands","Armes régionales","","","Arme de base non magique","","","","","","","","","","1 gp","100","https://2e.aonprd.com/Weapons.aspx?ID=262&NoRedirect=1","Gada","Impossible Lands pg. 220","source_unique","0","2026-09-12"
"Armes étendues","","","Kalis","","","","","","","","","","","","https://2e.aonprd.com/Weapons.aspx?ID=263&NoRedirect=1","Lost Omens: Impossible Lands","Armes régionales","","","Arme de base non magique","","","","","","","","","","3 gp","300","https://2e.aonprd.com/Weapons.aspx?ID=263&NoRedirect=1","Kalis","Tian Xia Character Guide pg. 127","source_unique","0","2026-09-12"
"Armes étendues","","","Kris","","","","","","","","","","","","https://2e.aonprd.com/Weapons.aspx?ID=264&NoRedirect=1","Lost Omens: Impossible Lands","Armes régionales","","","Arme de base non magique","","","","","","","","","","7 sp","70","https://2e.aonprd.com/Weapons.aspx?ID=264&NoRedirect=1","Kris","Tian Xia Character Guide pg. 127","source_unique","0","2026-09-12"
"Armes étendues","","","Talwar","","","","","","","","","","","","https://2e.aonprd.com/Weapons.aspx?ID=266&NoRedirect=1","Lost Omens: Impossible Lands","Armes régionales","","","Arme de base non magique","","","","","","","","","","2 gp","200","https://2e.aonprd.com/Weapons.aspx?ID=266&NoRedirect=1","Talwar","Impossible Lands pg. 221","source_unique","0","2026-09-12"
"Armes étendues","","","Tengu Gale Blade","","","","","","","","","","","","https://2e.aonprd.com/Weapons.aspx?ID=128&NoRedirect=1","Tian Xia Character Guide / Player Core 2","Armes régionales","Martial","Uncommon","Arme de base non magique","4 gp; 1d6 S; Agile, Disarm, Finesse, Tengu.","","","","","","","","","4 gp","400","https://2e.aonprd.com/Weapons.aspx?ID=128&NoRedirect=1","Tengu Gale Blade","Advanced Player's Guide pg. 248","legacy","0","2026-09-12"
"Armes étendues","","","Thorn Whip","","","","","","","","","","","","https://2e.aonprd.com/Weapons.aspx?ID=267&NoRedirect=1","Lost Omens: Impossible Lands","Armes régionales","","","Arme de base non magique","","","","","","","","","","6 sp","60","https://2e.aonprd.com/Weapons.aspx?ID=267&NoRedirect=1","Thorn Whip","Impossible Lands pg. 221","source_unique","0","2026-09-12"
"Armes étendues","","","Triggerbrand","","","","","","","","","","","","https://2e.aonprd.com/Weapons.aspx?ID=257&NoRedirect=1","Lost Omens: Impossible Lands","Armes régionales","","","Arme de base non magique","","","","","","","","","","10 gp","1000","https://2e.aonprd.com/Weapons.aspx?ID=257&NoRedirect=1","Triggerbrand (Ranged)","Impossible Lands pg. 108","source_unique","0","2026-09-12"
"Armes étendues","","","Visap","","","","","","","","","","","","https://2e.aonprd.com/Weapons.aspx?ID=268&NoRedirect=1","Lost Omens: Impossible Lands","Armes régionales","","","Arme de base non magique","","","","","","","","","","2 gp","200","https://2e.aonprd.com/Weapons.aspx?ID=268&NoRedirect=1","Visap","Impossible Lands pg. 221","source_unique","0","2026-09-12"
"Armes étendues","","","Zulfikar","","","","","","","","","","","","https://2e.aonprd.com/Weapons.aspx?ID=269&NoRedirect=1","Lost Omens: Impossible Lands","Armes régionales","","","Arme de base non magique","","","","","","","","","","4 gp","400","https://2e.aonprd.com/Weapons.aspx?ID=269&NoRedirect=1","Zulfikar","Impossible Lands pg. 221","source_unique","0","2026-09-12"
"Armes étendues","","","Atlatl","","","","","","","","","","","","https://2e.aonprd.com/Weapons.aspx?ID=644&NoRedirect=1","Treasure Vault","Armes supplémentaires","","","Arme de base non magique","","","","","","","","","","2 sp","20","https://2e.aonprd.com/Weapons.aspx?ID=644&NoRedirect=1","Atlatl","Treasure Vault pg. 30","legacy","0","2026-09-12"
"Armes étendues","","","Barricade Buster","","","","","","","","","","","","https://2e.aonprd.com/Weapons.aspx?ID=657&NoRedirect=1","Treasure Vault","Armes supplémentaires","","","Arme de base non magique","","","","","","","","","","9 gp","900","https://2e.aonprd.com/Weapons.aspx?ID=657&NoRedirect=1","Barricade Buster","Treasure Vault pg. 30","legacy","1","2026-09-12"
"Armes étendues","","","Battle Saddle","","","","","","","","","","","","https://2e.aonprd.com/Weapons.aspx?ID=608&NoRedirect=1","Treasure Vault","Armes supplémentaires","","","Arme de base non magique","","","","","","","","","","6 gp","600","https://2e.aonprd.com/Weapons.aspx?ID=608&NoRedirect=1","Battle Saddle","Treasure Vault pg. 26","legacy","0","2026-09-12"
"Armes étendues","","","Bec de Corbin","","","","","","","","","","","","https://2e.aonprd.com/Weapons.aspx?ID=609&NoRedirect=1","Treasure Vault","Armes supplémentaires","","","Arme de base non magique","","","","","","","","","","4 gp","400","https://2e.aonprd.com/Weapons.aspx?ID=609&NoRedirect=1","Bec De Corbin","Treasure Vault pg. 27","legacy","0","2026-09-12"
"Armes étendues","","","Bladed Scarf","","","","","","","","","","","","https://2e.aonprd.com/Weapons.aspx?ID=619&NoRedirect=1","Treasure Vault","Armes supplémentaires","","","Arme de base non magique","","","","","","","","","","3 gp","300","https://2e.aonprd.com/Weapons.aspx?ID=619&NoRedirect=1","Bladed Scarf","Treasure Vault pg. 26","legacy","0","2026-09-12"
"Armes étendues","","","Boomerang","","","","","","","","","","","","https://2e.aonprd.com/Weapons.aspx?ID=652&NoRedirect=1","Treasure Vault","Armes supplémentaires","","","Arme de base non magique","","","","","","","","","","2 sp","20","https://2e.aonprd.com/Weapons.aspx?ID=652&NoRedirect=1","Boomerang","Treasure Vault pg. 30","legacy","0","2026-09-12"
"Armes étendues","","","Bow Staff","","","","","","","","","","","","https://2e.aonprd.com/Weapons.aspx?ID=659&NoRedirect=1","Treasure Vault","Armes supplémentaires","","","Arme de base non magique","","","","","","","","","","8 gp","800","https://2e.aonprd.com/Weapons.aspx?ID=659&NoRedirect=1","Bow Staff (Ranged)","Treasure Vault pg. 31","legacy","0","2026-09-12"
"Armes étendues","","","Breaching Pike","","","","","","","","","","","","https://2e.aonprd.com/Weapons.aspx?ID=620&NoRedirect=1","Treasure Vault","Armes supplémentaires","","","Arme de base non magique","","","","","","","","","","8 gp","800","https://2e.aonprd.com/Weapons.aspx?ID=620&NoRedirect=1","Breaching Pike","Treasure Vault pg. 26","legacy","0","2026-09-12"
"Armes étendues","","","Butterfly Sword","","","","","","","","","","","","https://2e.aonprd.com/Weapons.aspx?ID=637&NoRedirect=1","Treasure Vault","Armes supplémentaires","","","Arme de base non magique","","","","","","","","","","2 gp","200","https://2e.aonprd.com/Weapons.aspx?ID=637&NoRedirect=1","Butterfly Sword","Treasure Vault pg. 26","legacy","0","2026-09-12"
"Armes étendues","","","Chain Sword","","","","","","","","","","","","https://2e.aonprd.com/Weapons.aspx?ID=638&NoRedirect=1","Treasure Vault","Armes supplémentaires","","","Arme de base non magique","","","","","","","","","","6 gp","600","https://2e.aonprd.com/Weapons.aspx?ID=638&NoRedirect=1","Chain Sword","Treasure Vault pg. 26","legacy","0","2026-09-12"
"Armes étendues","","","Chakri","","","","","","","","","","","","https://2e.aonprd.com/Weapons.aspx?ID=653&NoRedirect=1","Treasure Vault / Lost Omens: Impossible Lands","Armes supplémentaires","","","Arme de base non magique","","","","","","","","","","2 sp","20","https://2e.aonprd.com/Weapons.aspx?ID=653&NoRedirect=1","Chakri","Treasure Vault pg. 30","legacy","0","2026-09-12"
"Armes étendues","","","Combat Fishing Pole","","","","","","","","","","","","https://2e.aonprd.com/Weapons.aspx?ID=508","War of Immortals","Armes supplémentaires","","","Arme de base non magique","","","","","","","","","","4 sp","40","https://2e.aonprd.com/Weapons.aspx?ID=508&NoRedirect=1","Combat Fishing Pole","War of Immortals pg. 147","remaster_sans_tarif_legacy","0","2026-09-12"
"Armes étendues","","","Combat Lure","","","","","","","","","","","","https://2e.aonprd.com/Weapons.aspx?ID=621&NoRedirect=1","Treasure Vault","Armes supplémentaires","","","Arme de base non magique","","","","","","","","","","2 gp","200","https://2e.aonprd.com/Weapons.aspx?ID=621&NoRedirect=1","Combat Lure","Treasure Vault pg. 26","legacy","0","2026-09-12"
"Armes étendues","","","Corset Knife","","","","","","","","","","","","https://2e.aonprd.com/Weapons.aspx?ID=606&NoRedirect=1","Treasure Vault","Armes supplémentaires","","","Arme de base non magique","","","","","","","","","","3 sp","30","https://2e.aonprd.com/Weapons.aspx?ID=606&NoRedirect=1","Corset Knife","Treasure Vault pg. 27","legacy","0","2026-09-12"
"Armes étendues","","","Crescent Cross","","","","","","","","","","","","https://2e.aonprd.com/Weapons.aspx?ID=660&NoRedirect=1","Treasure Vault","Armes supplémentaires","","","Arme de base non magique","","","","","","","","","","4 gp","400","https://2e.aonprd.com/Weapons.aspx?ID=660&NoRedirect=1","Crescent Cross (Ranged)","Treasure Vault pg. 31","legacy","0","2026-09-12"
"Armes étendues","","","Dancer's Spear","","","","","","","","","","","","https://2e.aonprd.com/Weapons.aspx?ID=610&NoRedirect=1","Treasure Vault","Armes supplémentaires","","","Arme de base non magique","","","","","","","","","","3 gp","300","https://2e.aonprd.com/Weapons.aspx?ID=610&NoRedirect=1","Dancer's Spear","Treasure Vault pg. 26","legacy","0","2026-09-12"
"Armes étendues","","","Dwarven Dorn-Dergar","","","","","","","","","","","","https://2e.aonprd.com/Weapons.aspx?ID=639&NoRedirect=1","Treasure Vault","Armes supplémentaires","","","Arme de base non magique","","","","","","","","","","8 gp","800","https://2e.aonprd.com/Weapons.aspx?ID=639&NoRedirect=1","Dwarven Dorn-Dergar","Treasure Vault pg. 27","legacy","0","2026-09-12"
"Armes étendues","","","Earthbreaker","","","","","","","","","","","","https://2e.aonprd.com/Weapons.aspx?ID=611&NoRedirect=1","Treasure Vault","Armes supplémentaires","","","Arme de base non magique","","","","","","","","","","4 gp","400","https://2e.aonprd.com/Weapons.aspx?ID=611&NoRedirect=1","Earthbreaker","Treasure Vault pg. 27","legacy","0","2026-09-12"
"Armes étendues","","","Falcata","","","","","","","","","","","","https://2e.aonprd.com/Weapons.aspx?ID=635&NoRedirect=1","Treasure Vault","Armes supplémentaires","","","Arme de base non magique","","","","","","","","","","3 gp","300","https://2e.aonprd.com/Weapons.aspx?ID=635&NoRedirect=1","Falcata","Treasure Vault pg. 27","legacy","0","2026-09-12"
"Armes étendues","","","Feng Huo Lun","","","","","","","","","","","","https://2e.aonprd.com/Weapons.aspx?ID=640&NoRedirect=1","Treasure Vault","Armes supplémentaires","","","Arme de base non magique","","","","","","","","","","2 gp","200","https://2e.aonprd.com/Weapons.aspx?ID=640&NoRedirect=1","Feng Huo Lun","Treasure Vault pg. 27","legacy","0","2026-09-12"
"Armes étendues","","","Fighting Fan","","","","","","","","","","","","https://2e.aonprd.com/Weapons.aspx?ID=622&NoRedirect=1","Treasure Vault","Armes supplémentaires","","","Arme de base non magique","","","","","","","","","","1 gp, 1 sp","110","https://2e.aonprd.com/Weapons.aspx?ID=622&NoRedirect=1","Fighting Fan","Treasure Vault pg. 27","legacy","0","2026-09-12"
"Armes étendues","","","Fighting Oar","","","","","","","","","","","","https://2e.aonprd.com/Weapons.aspx?ID=505","War of Immortals","Armes supplémentaires","","","Arme de base non magique","","","","","","","","","","5 sp","50","https://2e.aonprd.com/Weapons.aspx?ID=505&NoRedirect=1","Fighting Oar","War of Immortals pg. 147","remaster_sans_tarif_legacy","0","2026-09-12"
"Armes étendues","","","Fishing Lure","","","","","","","","","","","","https://2e.aonprd.com/Weapons.aspx?ID=515","War of Immortals","Armes supplémentaires","","","Arme de base non magique","","","","","","","","","","2 sp","20","https://2e.aonprd.com/Weapons.aspx?ID=515&NoRedirect=1","Fishing Lure","War of Immortals pg. 147","remaster_sans_tarif_legacy","0","2026-09-12"
"Armes étendues","","","Flyssa","","","","","","","","","","","","https://2e.aonprd.com/Weapons.aspx?ID=612&NoRedirect=1","Treasure Vault","Armes supplémentaires","","","Arme de base non magique","","","","","","","","","","1 gp","100","https://2e.aonprd.com/Weapons.aspx?ID=612&NoRedirect=1","Flyssa","Treasure Vault pg. 27","legacy","0","2026-09-12"
"Armes étendues","","","Frying Pan","","","","","","","","","","","","https://2e.aonprd.com/Weapons.aspx?ID=607&NoRedirect=1","Treasure Vault","Armes supplémentaires","","","Arme de base non magique","","","","","","","","","","1 sp","10","https://2e.aonprd.com/Weapons.aspx?ID=607&NoRedirect=1","Frying Pan","Treasure Vault pg. 27","legacy","0","2026-09-12"
"Armes étendues","","","Gakgung","","","","","","","","","","","","https://2e.aonprd.com/Weapons.aspx?ID=646&NoRedirect=1","Treasure Vault","Armes supplémentaires","","","Arme de base non magique","","","","","","","","","","6 gp","600","https://2e.aonprd.com/Weapons.aspx?ID=646&NoRedirect=1","Gakgung","Treasure Vault pg. 31","legacy","0","2026-09-12"
"Armes étendues","","","Gauntlet Bow","","","","","","","","","","","","https://2e.aonprd.com/Weapons.aspx?ID=647&NoRedirect=1","Treasure Vault","Armes supplémentaires","","","Arme de base non magique","","","","","","","","","","9 gp","900","https://2e.aonprd.com/Weapons.aspx?ID=647&NoRedirect=1","Gauntlet Bow","Treasure Vault pg. 31","legacy","0","2026-09-12"
"Armes étendues","","","Gladius","","","","","","","","","","","","https://2e.aonprd.com/Weapons.aspx?ID=510","War of Immortals","Armes supplémentaires","","","Arme de base non magique","","","","","","","","","","1 gp","100","https://2e.aonprd.com/Weapons.aspx?ID=510&NoRedirect=1","Gladius","War of Immortals pg. 147","remaster_sans_tarif_legacy","0","2026-09-12"
"Armes étendues","","","Harpoon","","","","","","","","","","","","https://2e.aonprd.com/Weapons.aspx?ID=648&NoRedirect=1","Treasure Vault","Armes supplémentaires","","","Arme de base non magique","","","","","","","","","","1 gp","100","https://2e.aonprd.com/Weapons.aspx?ID=648&NoRedirect=1","Harpoon","Treasure Vault pg. 31","legacy","0","2026-09-12"
"Armes étendues","","","Hook Sword","","","","","","","","","","","","https://2e.aonprd.com/Weapons.aspx?ID=641&NoRedirect=1","Treasure Vault","Armes supplémentaires","","","Arme de base non magique","","","","","","","","","","3 gp","300","https://2e.aonprd.com/Weapons.aspx?ID=641&NoRedirect=1","Hook Sword","Treasure Vault pg. 27","legacy","0","2026-09-12"
"Armes étendues","","","Jiu Huan Dao","","","","","","","","","","","","https://2e.aonprd.com/Weapons.aspx?ID=623&NoRedirect=1","Treasure Vault","Armes supplémentaires","","","Arme de base non magique","","","","","","","","","","9 sp","90","https://2e.aonprd.com/Weapons.aspx?ID=623&NoRedirect=1","Jiu Huan Dao","Treasure Vault pg. 27","legacy","0","2026-09-12"
"Armes étendues","","","Karambit","","","","","","","","","","","","https://2e.aonprd.com/Weapons.aspx?ID=642&NoRedirect=1","Treasure Vault","Armes supplémentaires","","","Arme de base non magique","","","","","","","","","","2 gp","200","https://2e.aonprd.com/Weapons.aspx?ID=642&NoRedirect=1","Karambit","Treasure Vault pg. 27","legacy","0","2026-09-12"
"Armes étendues","","","Kestros","","","","","","","","","","","","https://2e.aonprd.com/Weapons.aspx?ID=513","War of Immortals","Armes supplémentaires","","","Arme de base non magique","","","","","","","","","","2 gp","200","https://2e.aonprd.com/Weapons.aspx?ID=513&NoRedirect=1","Kestros","War of Immortals pg. 147","remaster_sans_tarif_legacy","0","2026-09-12"
"Armes étendues","","","Khopesh","","","","","","","","","","","","https://2e.aonprd.com/Weapons.aspx?ID=624&NoRedirect=1","Treasure Vault","Armes supplémentaires","","","Arme de base non magique","","","","","","","","","","2 gp","200","https://2e.aonprd.com/Weapons.aspx?ID=624&NoRedirect=1","Khopesh","Treasure Vault pg. 27","legacy","0","2026-09-12"
"Armes étendues","","","Kusarigama","","","","","","","","","","","","https://2e.aonprd.com/Weapons.aspx?ID=625&NoRedirect=1","Treasure Vault","Armes supplémentaires","","","Arme de base non magique","","","","","","","","","","2 gp","200","https://2e.aonprd.com/Weapons.aspx?ID=625&NoRedirect=1","Kursarigama","Treasure Vault pg. 27","legacy","0","2026-09-12"
"Armes étendues","","","Lancer","","","","","","","","","","","","https://2e.aonprd.com/Weapons.aspx?ID=661&NoRedirect=1","Treasure Vault","Armes supplémentaires","","","Arme de base non magique","","","","","","","","","","8 gp","800","https://2e.aonprd.com/Weapons.aspx?ID=661&NoRedirect=1","Lancer (Ranged)","Treasure Vault pg. 31","legacy","0","2026-09-12"
"Armes étendues","","","Leiomano","","","","","","","","","","","","https://2e.aonprd.com/Weapons.aspx?ID=626&NoRedirect=1","Treasure Vault","Armes supplémentaires","Martial","Uncommon","Arme de base non magique","2 gp; 1d6 B; Deadly d10, Versatile S.","","","","","","","","","2 gp","200","https://2e.aonprd.com/Weapons.aspx?ID=626&NoRedirect=1","Leiomano","Treasure Vault pg. 27","legacy","0","2026-09-12"
"Armes étendues","","","Long Hammer","","","","","","","","","","","","https://2e.aonprd.com/Weapons.aspx?ID=613&NoRedirect=1","Treasure Vault","Armes supplémentaires","","","Arme de base non magique","","","","","","","","","","5 gp","500","https://2e.aonprd.com/Weapons.aspx?ID=613&NoRedirect=1","Long Hammer","Treasure Vault pg. 27","legacy","0","2026-09-12"
"Armes étendues","","","Machete","","","","","","","","","","","","https://2e.aonprd.com/Weapons.aspx?ID=614&NoRedirect=1","Treasure Vault","Armes supplémentaires","","","Arme de base non magique","","","","","","","","","","7 sp","70","https://2e.aonprd.com/Weapons.aspx?ID=614&NoRedirect=1","Machete","Treasure Vault pg. 27","legacy","0","2026-09-12"
"Armes étendues","","","Macuahuitl","","","","","","","","","","","","https://2e.aonprd.com/Weapons.aspx?ID=511","War of Immortals","Armes supplémentaires","","","Arme de base non magique","","","","","","","","","","3 gp","300","https://2e.aonprd.com/Weapons.aspx?ID=511&NoRedirect=1","Macuahuitl","War of Immortals pg. 147","remaster_sans_tarif_legacy","0","2026-09-12"
"Armes étendues","","","Mambele","","","","","","","","","","","","https://2e.aonprd.com/Weapons.aspx?ID=627&NoRedirect=1","Treasure Vault","Armes supplémentaires","","","Arme de base non magique","","","","","","","","","","6 sp","60","https://2e.aonprd.com/Weapons.aspx?ID=627&NoRedirect=1","Mambele","Treasure Vault pg. 27","legacy","0","2026-09-12"
"Armes étendues","","","Meteor Hammer","","","","","","","","","","","","https://2e.aonprd.com/Weapons.aspx?ID=615&NoRedirect=1","Treasure Vault","Armes supplémentaires","","","Arme de base non magique","","","","","","","","","","3 gp","300","https://2e.aonprd.com/Weapons.aspx?ID=615&NoRedirect=1","Meteor Hammer","Treasure Vault pg. 27","legacy","0","2026-09-12"
"Armes étendues","","","Mikazuki","","","","","","","","","","","","https://2e.aonprd.com/Weapons.aspx?ID=662&NoRedirect=1","Treasure Vault","Armes supplémentaires","","","Arme de base non magique","","","","","","","","","","8 gp","800","https://2e.aonprd.com/Weapons.aspx?ID=662&NoRedirect=1","Mikazuki (Ranged)","Treasure Vault pg. 31","legacy","0","2026-09-12"
"Armes étendues","","","Naginata","","","","","","","","","","","","https://2e.aonprd.com/Weapons.aspx?ID=628&NoRedirect=1","Treasure Vault","Armes supplémentaires","","","Arme de base non magique","","","","","","","","","","3 gp","300","https://2e.aonprd.com/Weapons.aspx?ID=628&NoRedirect=1","Naginata","Treasure Vault pg. 27","legacy","0","2026-09-12"
"Armes étendues","","","Nodachi","","","","","","","","","","","","https://2e.aonprd.com/Weapons.aspx?ID=636&NoRedirect=1","Treasure Vault","Armes supplémentaires","","","Arme de base non magique","","","","","","","","","","6 gp","600","https://2e.aonprd.com/Weapons.aspx?ID=636&NoRedirect=1","Nodachi","Treasure Vault pg. 27","legacy","0","2026-09-12"
"Armes étendues","","","Palstave","","","","","","","","","","","","https://2e.aonprd.com/Weapons.aspx?ID=506","War of Immortals","Armes supplémentaires","Simple","Uncommon","Arme de base non magique","4 sp; 1d6 S; Sweep.","","","","","","","","","4 sp","40","https://2e.aonprd.com/Weapons.aspx?ID=506&NoRedirect=1","Palstave","War of Immortals pg. 147","remaster_sans_tarif_legacy","0","2026-09-12"
"Armes étendues","","","Panabas","","","","","","","","","","","","https://2e.aonprd.com/Weapons.aspx?ID=616&NoRedirect=1","Treasure Vault / Lost Omens: Impossible Lands","Armes supplémentaires","Martial","Uncommon","Arme de base non magique","1 gp; 1d6 S; Forceful, Sweep, Two-Hand d10.","","","","","","","","","1 gp","100","https://2e.aonprd.com/Weapons.aspx?ID=616&NoRedirect=1","Panabas","Treasure Vault pg. 27","legacy","0","2026-09-12"
"Armes étendues","","","Phalanx Piercer","","","","","","","","","","","","https://2e.aonprd.com/Weapons.aspx?ID=656&NoRedirect=1","Treasure Vault","Armes supplémentaires","","","Arme de base non magique","","","","","","","","","","10 gp","1000","https://2e.aonprd.com/Weapons.aspx?ID=656&NoRedirect=1","Phalanx Piercer","Treasure Vault pg. 31","legacy","1","2026-09-12"
"Armes étendues","","","Polytool","","","","","","","","","","","","https://2e.aonprd.com/Weapons.aspx?ID=629&NoRedirect=1","Treasure Vault","Armes supplémentaires","","","Arme de base non magique","","","","","","","","","","10 gp","1000","https://2e.aonprd.com/Weapons.aspx?ID=629&NoRedirect=1","Polytool","Treasure Vault pg. 27","legacy","1","2026-09-12"
"Armes étendues","","","Rope Dart","","","","","","","","","","","","https://2e.aonprd.com/Weapons.aspx?ID=630&NoRedirect=1","Treasure Vault","Armes supplémentaires","","","Arme de base non magique","","","","","","","","","","1 gp","100","https://2e.aonprd.com/Weapons.aspx?ID=630&NoRedirect=1","Rope Dart","Treasure Vault pg. 27","legacy","0","2026-09-12"
"Armes étendues","","","Rotary Bow","","","","","","","","","","","","https://2e.aonprd.com/Weapons.aspx?ID=649&NoRedirect=1","Treasure Vault","Armes supplémentaires","","","Arme de base non magique","","","","","","","","","","8 gp","800","https://2e.aonprd.com/Weapons.aspx?ID=649&NoRedirect=1","Rotary Bow","Treasure Vault pg. 31","legacy","0","2026-09-12"
"Armes étendues","","","Sansetsukon","","","","","","","","","","","","https://2e.aonprd.com/Weapons.aspx?ID=631&NoRedirect=1","Treasure Vault","Armes supplémentaires","","","Arme de base non magique","","","","","","","","","","2 gp","200","https://2e.aonprd.com/Weapons.aspx?ID=631&NoRedirect=1","Sansetsukon","Treasure Vault pg. 27","legacy","0","2026-09-12"
"Armes étendues","","","Scizore","","","","","","","","","","","","https://2e.aonprd.com/Weapons.aspx?ID=617&NoRedirect=1","Treasure Vault","Armes supplémentaires","","","Arme de base non magique","","","","","","","","","","9 sp","90","https://2e.aonprd.com/Weapons.aspx?ID=617&NoRedirect=1","Scizore","Treasure Vault pg. 27","legacy","0","2026-09-12"
"Armes étendues","","","Shield Bow","","","","","","","","","","","","https://2e.aonprd.com/Weapons.aspx?ID=650&NoRedirect=1","Treasure Vault","Armes supplémentaires","","","Arme de base non magique","","","","","","","","","","5 gp","500","https://2e.aonprd.com/Weapons.aspx?ID=650&NoRedirect=1","Shield Bow","Treasure Vault pg. 31","legacy","0","2026-09-12"
"Armes étendues","","","Spraysling","","","","","","","","","","","","https://2e.aonprd.com/Weapons.aspx?ID=654&NoRedirect=1","Treasure Vault","Armes supplémentaires","","","Arme de base non magique","","","","","","","","","","1 gp","100","https://2e.aonprd.com/Weapons.aspx?ID=654&NoRedirect=1","Spraysling","Treasure Vault pg. 31","legacy","0","2026-09-12"
"Armes étendues","","","Sukgung","","","","","","","","","","","","https://2e.aonprd.com/Weapons.aspx?ID=651&NoRedirect=1","Treasure Vault","Armes supplémentaires","","","Arme de base non magique","","","","","","","","","","7 gp","700","https://2e.aonprd.com/Weapons.aspx?ID=651&NoRedirect=1","Sukgung","Treasure Vault pg. 31","legacy","1","2026-09-12"
"Armes étendues","","","Taw Launcher","","","","","","","","","","","","https://2e.aonprd.com/Weapons.aspx?ID=658&NoRedirect=1","Treasure Vault","Armes supplémentaires","","","Arme de base non magique","","","","","","","","","","10 gp","1000","https://2e.aonprd.com/Weapons.aspx?ID=658&NoRedirect=1","Taw Launcher","Treasure Vault pg. 31","legacy","0","2026-09-12"
"Armes étendues","","","Tekko-Kagi","","","","","","","","","","","","https://2e.aonprd.com/Weapons.aspx?ID=632&NoRedirect=1","Treasure Vault","Armes supplémentaires","","","Arme de base non magique","","","","","","","","","","2 sp","20","https://2e.aonprd.com/Weapons.aspx?ID=632&NoRedirect=1","Tekko-Kagi","Treasure Vault pg. 27","legacy","0","2026-09-12"
"Armes étendues","","","Three-Section Naginata","","","","","","","","","","","","https://2e.aonprd.com/Weapons.aspx?ID=643&NoRedirect=1","Treasure Vault","Armes supplémentaires","","","Arme de base non magique","","","","","","","","","","12 gp","1200","https://2e.aonprd.com/Weapons.aspx?ID=643&NoRedirect=1","Three-Section Naginata","Treasure Vault pg. 30","legacy","0","2026-09-12"
"Armes étendues","","","Thunder Sling","","","","","","","","","","","","https://2e.aonprd.com/Weapons.aspx?ID=655&NoRedirect=1","Treasure Vault","Armes supplémentaires","","","Arme de base non magique","","","","","","","","","","5 gp","500","https://2e.aonprd.com/Weapons.aspx?ID=655&NoRedirect=1","Thunder Sling","Treasure Vault pg. 31","legacy","0","2026-09-12"
"Armes étendues","","","Urumi","","","","","","","","","","","","https://2e.aonprd.com/Weapons.aspx?ID=633&NoRedirect=1","Treasure Vault","Armes supplémentaires","","","Arme de base non magique","","","","","","","","","","2 gp","200","https://2e.aonprd.com/Weapons.aspx?ID=633&NoRedirect=1","Urumi","Treasure Vault pg. 30","legacy","0","2026-09-12"
"Armes étendues","","","War Gavel","","","","","","","","","","","","https://2e.aonprd.com/Weapons.aspx?ID=507","War of Immortals","Armes supplémentaires","","","Arme de base non magique","","","","","","","","","","2 sp","20","https://2e.aonprd.com/Weapons.aspx?ID=507&NoRedirect=1","War Gavel","War of Immortals pg. 147","remaster_sans_tarif_legacy","0","2026-09-12"
"Armes étendues","","","War Javelin","","","","","","","","","","","","https://2e.aonprd.com/Weapons.aspx?ID=512","War of Immortals","Armes supplémentaires","","","Arme de base non magique","","","","","","","","","","1 gp","100","https://2e.aonprd.com/Weapons.aspx?ID=512&NoRedirect=1","War Javelin","War of Immortals pg. 147","remaster_sans_tarif_legacy","0","2026-09-12"
"Armes étendues","","","War Razor","","","","","","","","","","","","https://2e.aonprd.com/Weapons.aspx?ID=618&NoRedirect=1","Treasure Vault","Armes supplémentaires","","","Arme de base non magique","","","","","","","","","","3 sp","30","https://2e.aonprd.com/Weapons.aspx?ID=618&NoRedirect=1","War Razor","Treasure Vault pg. 30","legacy","0","2026-09-12"
"Armes étendues","","","Whipstaff","","","","","","","","","","","","https://2e.aonprd.com/Weapons.aspx?ID=634&NoRedirect=1","Treasure Vault","Armes supplémentaires","","","Arme de base non magique","","","","","","","","","","3 gp","300","https://2e.aonprd.com/Weapons.aspx?ID=634&NoRedirect=1","Whipstaff","Treasure Vault pg. 30","legacy","0","2026-09-12"
"Armes étendues","","","Wrecker","","","","","","","","","","","","https://2e.aonprd.com/Weapons.aspx?ID=663&NoRedirect=1","Treasure Vault","Armes supplémentaires","","","Arme de base non magique","","","","","","","","","","8 gp","800","https://2e.aonprd.com/Weapons.aspx?ID=663&NoRedirect=1","Wrecker (Ranged)","Treasure Vault pg. 31","legacy","0","2026-09-12"
"Armes étendues","","","Air Repeater","","","","","","","","","","","","https://2e.aonprd.com/Weapons.aspx?ID=565&NoRedirect=1","Guns & Gears (Remastered)","Armes à feu et technologiques","","Souvent Uncommon","Arme de base non magique","Armes à feu : généralement Uncommon; catégorie Simple/Martial/Advanced selon l'arme.","","","","","","","","","5 gp","500","https://2e.aonprd.com/Weapons.aspx?ID=565&NoRedirect=1","Air Repeater","Guns & Gears pg. 151","legacy","0","2026-09-12"
"Armes étendues","","","Arquebus","","","","","","","","","","","","https://2e.aonprd.com/Weapons.aspx?ID=574&NoRedirect=1","Guns & Gears (Remastered)","Armes à feu et technologiques","","Souvent Uncommon","Arme de base non magique","Armes à feu : généralement Uncommon; catégorie Simple/Martial/Advanced selon l'arme.","","","","","","","","","10 gp","1000","https://2e.aonprd.com/Weapons.aspx?ID=574&NoRedirect=1","Arquebus","Guns & Gears pg. 151","legacy","0","2026-09-12"
"Armes étendues","","","Axe Musket","","","","","","","","","","","","https://2e.aonprd.com/Weapons.aspx?ID=590&NoRedirect=1","Guns & Gears (Remastered)","Armes à feu et technologiques","","Souvent Uncommon","Arme de base non magique","Armes à feu : généralement Uncommon; catégorie Simple/Martial/Advanced selon l'arme.","","","","","","","","","10 gp","1000","https://2e.aonprd.com/Weapons.aspx?ID=590&NoRedirect=1","Axe Musket (Ranged)","Guns & Gears pg. 158","legacy","1","2026-09-12"
"Armes étendues","","","Backpack Ballista","","","","","","","","","","","","https://2e.aonprd.com/Weapons.aspx?ID=173&NoRedirect=1","Guns & Gears (Remastered)","Armes à feu et technologiques","","Souvent Uncommon","Arme de base non magique","Armes à feu : généralement Uncommon; catégorie Simple/Martial/Advanced selon l'arme.","","","","","","","","","18 gp","1800","https://2e.aonprd.com/Weapons.aspx?ID=173&NoRedirect=1","Backpack Ballista","Guns & Gears pg. 62","legacy","1","2026-09-12"
"Armes étendues","","","Backpack Catapult","","","","","","","","","","","","https://2e.aonprd.com/Weapons.aspx?ID=544&NoRedirect=1","Guns & Gears (Remastered)","Armes à feu et technologiques","","Souvent Uncommon","Arme de base non magique","Armes à feu : généralement Uncommon; catégorie Simple/Martial/Advanced selon l'arme.","","","","","","","","","20 gp","2000","https://2e.aonprd.com/Weapons.aspx?ID=544&NoRedirect=1","Backpack Catapult","Guns & Gears pg. 63","legacy","0","2026-09-12"
"Armes étendues","","","Bayonet","","","","","","","","","","","","https://2e.aonprd.com/Weapons.aspx?ID=562&NoRedirect=1","Guns & Gears (Remastered)","Armes à feu et technologiques","","Souvent Uncommon","Arme de base non magique","Armes à feu : généralement Uncommon; catégorie Simple/Martial/Advanced selon l'arme.","","","","","","","","","2 sp","20","https://2e.aonprd.com/Weapons.aspx?ID=562&NoRedirect=1","Bayonet","Guns & Gears pg. 150","legacy","0","2026-09-12"
"Armes étendues","","","Big Boom Gun","","","","","","","","","","","","https://2e.aonprd.com/Weapons.aspx?ID=604&NoRedirect=1","Guns & Gears (Remastered)","Armes à feu et technologiques","","Souvent Uncommon","Arme de base non magique","Armes à feu : généralement Uncommon; catégorie Simple/Martial/Advanced selon l'arme.","","","","","","","","","10 gp","1000","https://2e.aonprd.com/Weapons.aspx?ID=604&NoRedirect=1","Big Boom Gun","Guns & Gears pg. 157","legacy","1","2026-09-12"
"Armes étendues","","","Black Powder Knuckle Dusters","","","","","","","","","","","","https://2e.aonprd.com/Weapons.aspx?ID=591&NoRedirect=1","Guns & Gears (Remastered)","Armes à feu et technologiques","","Souvent Uncommon","Arme de base non magique","Armes à feu : généralement Uncommon; catégorie Simple/Martial/Advanced selon l'arme.","","","","","","","","","8 gp","800","https://2e.aonprd.com/Weapons.aspx?ID=591&NoRedirect=1","Black Powder Knuckle Dusters (Ranged)","Guns & Gears pg. 158","legacy","0","2026-09-12"
"Armes étendues","","","Blunderbuss","","","","","","","","","","","","https://2e.aonprd.com/Weapons.aspx?ID=575&NoRedirect=1","Guns & Gears (Remastered)","Armes à feu et technologiques","","Souvent Uncommon","Arme de base non magique","Armes à feu : généralement Uncommon; catégorie Simple/Martial/Advanced selon l'arme.","","","","","","","","","8 gp","800","https://2e.aonprd.com/Weapons.aspx?ID=575&NoRedirect=1","Blunderbuss","Guns & Gears pg. 151","legacy","0","2026-09-12"
"Armes étendues","","","Cane Pistol","","","","","","","","","","","","https://2e.aonprd.com/Weapons.aspx?ID=592&NoRedirect=1","Guns & Gears (Remastered)","Armes à feu et technologiques","","Souvent Uncommon","Arme de base non magique","Armes à feu : généralement Uncommon; catégorie Simple/Martial/Advanced selon l'arme.","","","","","","","","","8 gp","800","https://2e.aonprd.com/Weapons.aspx?ID=592&NoRedirect=1","Cane Pistol (Ranged)","Guns & Gears pg. 158","legacy","0","2026-09-12"
"Armes étendues","","","Clan Pistol","","","","","","","","","","","","https://2e.aonprd.com/Weapons.aspx?ID=576&NoRedirect=1","Guns & Gears (Remastered)","Armes à feu et technologiques","","Souvent Uncommon","Arme de base non magique","Armes à feu : généralement Uncommon; catégorie Simple/Martial/Advanced selon l'arme.","","","","","","","","","5 gp","500","https://2e.aonprd.com/Weapons.aspx?ID=576&NoRedirect=1","Clan Pistol","Guns & Gears pg. 151","legacy","0","2026-09-12"
"Armes étendues","","","Coat Pistol","","","","","","","","","","","","https://2e.aonprd.com/Weapons.aspx?ID=567&NoRedirect=1","Guns & Gears (Remastered)","Armes à feu et technologiques","","Souvent Uncommon","Arme de base non magique","Armes à feu : généralement Uncommon; catégorie Simple/Martial/Advanced selon l'arme.","","","","","","","","","6 gp","600","https://2e.aonprd.com/Weapons.aspx?ID=567&NoRedirect=1","Coat Pistol","Guns & Gears pg. 151","legacy","0","2026-09-12"
"Armes étendues","","","Dagger Pistol","","","","","","","","","","","","https://2e.aonprd.com/Weapons.aspx?ID=593&NoRedirect=1","Guns & Gears (Remastered)","Armes à feu et technologiques","","Souvent Uncommon","Arme de base non magique","Armes à feu : généralement Uncommon; catégorie Simple/Martial/Advanced selon l'arme.","","","","","","","","","8 gp","800","https://2e.aonprd.com/Weapons.aspx?ID=593&NoRedirect=1","Dagger Pistol (Ranged)","Guns & Gears pg. 158","legacy","0","2026-09-12"
"Armes étendues","","","Dart Umbrella","","","","","","","","","","","","https://2e.aonprd.com/Weapons.aspx?ID=545&NoRedirect=1","Guns & Gears (Remastered)","Armes à feu et technologiques","","Souvent Uncommon","Arme de base non magique","Armes à feu : généralement Uncommon; catégorie Simple/Martial/Advanced selon l'arme.","","","","","","","","","1 gp","100","https://2e.aonprd.com/Weapons.aspx?ID=545&NoRedirect=1","Dart Umbrella","Guns & Gears pg. 63","legacy","0","2026-09-12"
"Armes étendues","","","Dawnsilver Tree","","","","","","","","","","","","https://2e.aonprd.com/Weapons.aspx?ID=583&NoRedirect=1","Guns & Gears (Remastered)","Armes à feu et technologiques","","Souvent Uncommon","Arme de base non magique","Armes à feu : généralement Uncommon; catégorie Simple/Martial/Advanced selon l'arme.","","","","","","","","","9 gp","900","https://2e.aonprd.com/Weapons.aspx?ID=583&NoRedirect=1","Mithral Tree","Guns & Gears pg. 151","legacy","0","2026-09-12"
"Armes étendues","","","Double-Barreled Musket","","","","","","","","","","","","https://2e.aonprd.com/Weapons.aspx?ID=577&NoRedirect=1","Guns & Gears (Remastered)","Armes à feu et technologiques","","Souvent Uncommon","Arme de base non magique","Armes à feu : généralement Uncommon; catégorie Simple/Martial/Advanced selon l'arme.","","","","","","","","","11 gp","1100","https://2e.aonprd.com/Weapons.aspx?ID=577&NoRedirect=1","Double-Barreled Musket","Guns & Gears pg. 151","legacy","1","2026-09-12"
"Armes étendues","","","Double-Barreled Pistol","","","","","","","","","","","","https://2e.aonprd.com/Weapons.aspx?ID=578&NoRedirect=1","Guns & Gears (Remastered)","Armes à feu et technologiques","","Souvent Uncommon","Arme de base non magique","Armes à feu : généralement Uncommon; catégorie Simple/Martial/Advanced selon l'arme.","","","","","","","","","7 gp","700","https://2e.aonprd.com/Weapons.aspx?ID=578&NoRedirect=1","Double-Barreled Pistol","Guns & Gears pg. 151","legacy","0","2026-09-12"
"Armes étendues","","","Dragon-Mouth Pistol","","","","","","","","","","","","https://2e.aonprd.com/Weapons.aspx?ID=579&NoRedirect=1","Guns & Gears (Remastered)","Armes à feu et technologiques","","Souvent Uncommon","Arme de base non magique","Armes à feu : généralement Uncommon; catégorie Simple/Martial/Advanced selon l'arme.","","","","","","","","","9 gp","900","https://2e.aonprd.com/Weapons.aspx?ID=579&NoRedirect=1","Dragon-Mouth Pistol","Guns & Gears pg. 151","legacy","0","2026-09-12"
"Armes étendues","","","Dueling Pistol","","","","","","","","","","","","https://2e.aonprd.com/Weapons.aspx?ID=580&NoRedirect=1","Guns & Gears (Remastered)","Armes à feu et technologiques","","Souvent Uncommon","Arme de base non magique","Armes à feu : généralement Uncommon; catégorie Simple/Martial/Advanced selon l'arme.","","","","","","","","","12 gp","1200","https://2e.aonprd.com/Weapons.aspx?ID=580&NoRedirect=1","Dueling Pistol","Guns & Gears pg. 151","legacy","1","2026-09-12"
"Armes étendues","","","Dwarven Scattergun","","","","","","","","","","","","https://2e.aonprd.com/Weapons.aspx?ID=586&NoRedirect=1","Guns & Gears (Remastered)","Armes à feu et technologiques","","Souvent Uncommon","Arme de base non magique","Armes à feu : généralement Uncommon; catégorie Simple/Martial/Advanced selon l'arme.","","","","","","","","","10 gp","1000","https://2e.aonprd.com/Weapons.aspx?ID=586&NoRedirect=1","Dwarven Scattergun","Guns & Gears pg. 151","legacy","1","2026-09-12"
"Armes étendues","","","Explosive Dogslicer","","","","","","","","","","","","https://2e.aonprd.com/Weapons.aspx?ID=602&NoRedirect=1","Guns & Gears (Remastered)","Armes à feu et technologiques","","Souvent Uncommon","Arme de base non magique","Armes à feu : généralement Uncommon; catégorie Simple/Martial/Advanced selon l'arme.","","","","","","","","","10 gp","1000","https://2e.aonprd.com/Weapons.aspx?ID=602&NoRedirect=1","Explosive Dogslicer (Ranged)","Guns & Gears pg. 158","legacy","1","2026-09-12"
"Armes étendues","","","Fire Lance","","","","","","","","","","","","https://2e.aonprd.com/Weapons.aspx?ID=568&NoRedirect=1","Guns & Gears (Remastered)","Armes à feu et technologiques","","Souvent Uncommon","Arme de base non magique","Armes à feu : généralement Uncommon; catégorie Simple/Martial/Advanced selon l'arme.","","","","","","","","","5 gp","500","https://2e.aonprd.com/Weapons.aspx?ID=568&NoRedirect=1","Fire Lance","Guns & Gears pg. 151","legacy","0","2026-09-12"
"Armes étendues","","","Flingflenser","","","","","","","","","","","","https://2e.aonprd.com/Weapons.aspx?ID=587&NoRedirect=1","Guns & Gears (Remastered)","Armes à feu et technologiques","","Souvent Uncommon","Arme de base non magique","Armes à feu : généralement Uncommon; catégorie Simple/Martial/Advanced selon l'arme.","","","","","","","","","6 gp","600","https://2e.aonprd.com/Weapons.aspx?ID=587&NoRedirect=1","Flingflenser","Guns & Gears pg. 151","legacy","0","2026-09-12"
"Armes étendues","","","Flintlock Musket","","","","","","","","","","","","https://2e.aonprd.com/Weapons.aspx?ID=569&NoRedirect=1","Guns & Gears (Remastered)","Armes à feu et technologiques","","Souvent Uncommon","Arme de base non magique","Armes à feu : généralement Uncommon; catégorie Simple/Martial/Advanced selon l'arme.","","","","","","","","","7 gp","700","https://2e.aonprd.com/Weapons.aspx?ID=569&NoRedirect=1","Flintlock Musket","Guns & Gears pg. 151","legacy","0","2026-09-12"
"Armes étendues","","","Flintlock Pistol","","","","","","","","","","","","https://2e.aonprd.com/Weapons.aspx?ID=570&NoRedirect=1","Guns & Gears (Remastered)","Armes à feu et technologiques","","Souvent Uncommon","Arme de base non magique","Armes à feu : généralement Uncommon; catégorie Simple/Martial/Advanced selon l'arme.","","","","","","","","","6 gp","600","https://2e.aonprd.com/Weapons.aspx?ID=570&NoRedirect=1","Flintlock Pistol","Guns & Gears pg. 151","legacy","0","2026-09-12"
"Armes étendues","","","Forked Bipod","","","","","","","","","","","","https://2e.aonprd.com/Weapons.aspx?ID=559&NoRedirect=1","Guns & Gears (Remastered)","Armes à feu et technologiques","","Souvent Uncommon","Arme de base non magique","Armes à feu : généralement Uncommon; catégorie Simple/Martial/Advanced selon l'arme.","","","","","","","","","3 sp","30","https://2e.aonprd.com/Weapons.aspx?ID=559&NoRedirect=1","Forked Bipod","Guns & Gears pg. 150","legacy","0","2026-09-12"
"Armes étendues","","","Gnome Amalgam Musket","","","","","","","","","","","","https://2e.aonprd.com/Weapons.aspx?ID=594&NoRedirect=1","Guns & Gears (Remastered)","Armes à feu et technologiques","","Souvent Uncommon","Arme de base non magique","Armes à feu : généralement Uncommon; catégorie Simple/Martial/Advanced selon l'arme.","","","","","","","","","10 gp","1000","https://2e.aonprd.com/Weapons.aspx?ID=594&NoRedirect=1","Gnome Amalgam Musket (Ranged)","Guns & Gears pg. 158","legacy","1","2026-09-12"
"Armes étendues","","","Gun Sword","","","","","","","","","","","","https://2e.aonprd.com/Weapons.aspx?ID=595&NoRedirect=1","Guns & Gears (Remastered)","Armes à feu et technologiques","","Souvent Uncommon","Arme de base non magique","Armes à feu : généralement Uncommon; catégorie Simple/Martial/Advanced selon l'arme.","","","","","","","","","13 gp","1300","https://2e.aonprd.com/Weapons.aspx?ID=595&NoRedirect=1","Gun Sword (Ranged)","Guns & Gears pg. 158","legacy","1","2026-09-12"
"Armes étendues","","","Hammer Gun","","","","","","","","","","","","https://2e.aonprd.com/Weapons.aspx?ID=596&NoRedirect=1","Guns & Gears (Remastered)","Armes à feu et technologiques","","Souvent Uncommon","Arme de base non magique","Armes à feu : généralement Uncommon; catégorie Simple/Martial/Advanced selon l'arme.","","","","","","","","","13 gp","1300","https://2e.aonprd.com/Weapons.aspx?ID=596&NoRedirect=1","Hammer Gun (Ranged)","Guns & Gears pg. 158","legacy","1","2026-09-12"
"Armes étendues","","","Hand Cannon","","","","","","","","","","","","https://2e.aonprd.com/Weapons.aspx?ID=571&NoRedirect=1","Guns & Gears (Remastered)","Armes à feu et technologiques","","Souvent Uncommon","Arme de base non magique","Armes à feu : généralement Uncommon; catégorie Simple/Martial/Advanced selon l'arme.","","","","","","","","","5 gp","500","https://2e.aonprd.com/Weapons.aspx?ID=571&NoRedirect=1","Hand Cannon","Guns & Gears pg. 151","legacy","0","2026-09-12"
"Armes étendues","","","Harmona Gun","","","","","","","","","","","","https://2e.aonprd.com/Weapons.aspx?ID=581&NoRedirect=1","Guns & Gears (Remastered)","Armes à feu et technologiques","","Souvent Uncommon","Arme de base non magique","Armes à feu : généralement Uncommon; catégorie Simple/Martial/Advanced selon l'arme.","","","","","","","","","10 gp","1000","https://2e.aonprd.com/Weapons.aspx?ID=581&NoRedirect=1","Harmona Gun","Guns & Gears pg. 151","legacy","0","2026-09-12"
"Armes étendues","","","Injection Spear","","","","","","","","","","","","https://2e.aonprd.com/Weapons.aspx?ID=546&NoRedirect=1","Guns & Gears (Remastered)","Armes à feu et technologiques","","Souvent Uncommon","Arme de base non magique","Armes à feu : généralement Uncommon; catégorie Simple/Martial/Advanced selon l'arme.","","","","","","","","","3 gp","300","https://2e.aonprd.com/Weapons.aspx?ID=546&NoRedirect=1","Injection Spear","Guns & Gears pg. 63","legacy","0","2026-09-12"
"Armes étendues","","","Jezail","","","","","","","","","","","","https://2e.aonprd.com/Weapons.aspx?ID=582&NoRedirect=1","Guns & Gears (Remastered)","Armes à feu et technologiques","","Souvent Uncommon","Arme de base non magique","Armes à feu : généralement Uncommon; catégorie Simple/Martial/Advanced selon l'arme.","","","","","","","","","11 gp","1100","https://2e.aonprd.com/Weapons.aspx?ID=582&NoRedirect=1","Jezail","Guns & Gears pg. 151","legacy","1","2026-09-12"
"Armes étendues","","","Knuckle Duster","","","","","","","","","","","","https://2e.aonprd.com/Weapons.aspx?ID=561&NoRedirect=1","Guns & Gears (Remastered)","Armes à feu et technologiques","","Souvent Uncommon","Arme de base non magique","Armes à feu : généralement Uncommon; catégorie Simple/Martial/Advanced selon l'arme.","","","","","","","","","3 sp","30","https://2e.aonprd.com/Weapons.aspx?ID=561&NoRedirect=1","Knuckle Duster","Guns & Gears pg. 150","legacy","0","2026-09-12"
"Armes étendues","","","Long Air Repeater","","","","","","","","","","","","https://2e.aonprd.com/Weapons.aspx?ID=572&NoRedirect=1","Guns & Gears (Remastered)","Armes à feu et technologiques","","Souvent Uncommon","Arme de base non magique","Armes à feu : généralement Uncommon; catégorie Simple/Martial/Advanced selon l'arme.","","","","","","","","","9 gp","900","https://2e.aonprd.com/Weapons.aspx?ID=572&NoRedirect=1","Long Air Repeater","Guns & Gears pg. 151","legacy","0","2026-09-12"
"Armes étendues","","","Mace Multipistol","","","","","","","","","","","","https://2e.aonprd.com/Weapons.aspx?ID=597&NoRedirect=1","Guns & Gears (Remastered)","Armes à feu et technologiques","","Souvent Uncommon","Arme de base non magique","Armes à feu : généralement Uncommon; catégorie Simple/Martial/Advanced selon l'arme.","","","","","","","","","13 gp","1300","https://2e.aonprd.com/Weapons.aspx?ID=597&NoRedirect=1","Mace Multipistol (Ranged)","Guns & Gears pg. 158","legacy","0","2026-09-12"
"Armes étendues","","","Pantograph Gauntlet","","","","","","","","","","","","https://2e.aonprd.com/Weapons.aspx?ID=547&NoRedirect=1","Guns & Gears (Remastered)","Armes à feu et technologiques","","Souvent Uncommon","Arme de base non magique","Armes à feu : généralement Uncommon; catégorie Simple/Martial/Advanced selon l'arme.","","","","","","","","","2 gp","200","https://2e.aonprd.com/Weapons.aspx?ID=547&NoRedirect=1","Pantograph Gauntlet","Guns & Gears pg. 63","legacy","0","2026-09-12"
"Armes étendues","","","Pepperbox","","","","","","","","","","","","https://2e.aonprd.com/Weapons.aspx?ID=584&NoRedirect=1","Guns & Gears (Remastered)","Armes à feu et technologiques","","Souvent Uncommon","Arme de base non magique","Armes à feu : généralement Uncommon; catégorie Simple/Martial/Advanced selon l'arme.","","","","","","","","","12 gp","1200","https://2e.aonprd.com/Weapons.aspx?ID=584&NoRedirect=1","Pepperbox","Guns & Gears pg. 151","legacy","0","2026-09-12"
"Armes étendues","","","Piercing Wind","","","","","","","","","","","","https://2e.aonprd.com/Weapons.aspx?ID=598&NoRedirect=1","Guns & Gears (Remastered)","Armes à feu et technologiques","","Souvent Uncommon","Arme de base non magique","Armes à feu : généralement Uncommon; catégorie Simple/Martial/Advanced selon l'arme.","","","","","","","","","15 gp","1500","https://2e.aonprd.com/Weapons.aspx?ID=598&NoRedirect=1","Piercing Wind (Ranged)","Guns & Gears pg. 158","legacy","0","2026-09-12"
"Armes étendues","","","Rapier Pistol","","","","","","","","","","","","https://2e.aonprd.com/Weapons.aspx?ID=599&NoRedirect=1","Guns & Gears (Remastered)","Armes à feu et technologiques","","Souvent Uncommon","Arme de base non magique","Armes à feu : généralement Uncommon; catégorie Simple/Martial/Advanced selon l'arme.","","","","","","","","","10 gp","1000","https://2e.aonprd.com/Weapons.aspx?ID=599&NoRedirect=1","Rapier pistol (Ranged)","Guns & Gears pg. 158","legacy","0","2026-09-12"
"Armes étendues","","","Reinforced Stock","","","","","","","","","","","","https://2e.aonprd.com/Weapons.aspx?ID=563&NoRedirect=1","Guns & Gears (Remastered)","Armes à feu et technologiques","","Souvent Uncommon","Arme de base non magique","Armes à feu : généralement Uncommon; catégorie Simple/Martial/Advanced selon l'arme.","","","","","","","","","2 sp","20","https://2e.aonprd.com/Weapons.aspx?ID=563&NoRedirect=1","Reinforced Stock","Guns & Gears pg. 150","legacy","0","2026-09-12"
"Armes étendues","","","Repeating Crossbow","","","","","","","","","","","","https://2e.aonprd.com/Weapons.aspx?ID=548&NoRedirect=1","Guns & Gears (Remastered)","Armes à feu et technologiques","","Souvent Uncommon","Arme de base non magique","Armes à feu : généralement Uncommon; catégorie Simple/Martial/Advanced selon l'arme.","","","","","","","","","15 gp","1500","https://2e.aonprd.com/Weapons.aspx?ID=548&NoRedirect=1","Repeating Crossbow","Guns & Gears pg. 64","legacy","0","2026-09-12"
"Armes étendues","","","Repeating Hand Crossbow","","","","","","","","","","","","https://2e.aonprd.com/Weapons.aspx?ID=549&NoRedirect=1","Guns & Gears (Remastered)","Armes à feu et technologiques","","Souvent Uncommon","Arme de base non magique","Armes à feu : généralement Uncommon; catégorie Simple/Martial/Advanced selon l'arme.","","","","","","","","","10 gp","1000","https://2e.aonprd.com/Weapons.aspx?ID=549&NoRedirect=1","Repeating Hand Crossbow","Guns & Gears pg. 64","legacy","0","2026-09-12"
"Armes étendues","","","Repeating Heavy Crossbow","","","","","","","","","","","","https://2e.aonprd.com/Weapons.aspx?ID=178&NoRedirect=1","Guns & Gears (Remastered)","Armes à feu et technologiques","","Souvent Uncommon","Arme de base non magique","Armes à feu : généralement Uncommon; catégorie Simple/Martial/Advanced selon l'arme.","","","","","","","","","20 gp","2000","https://2e.aonprd.com/Weapons.aspx?ID=178&NoRedirect=1","Repeating Heavy Crossbow","Guns & Gears pg. 64","legacy","1","2026-09-12"
"Armes étendues","","","Slide Pistol","","","","","","","","","","","","https://2e.aonprd.com/Weapons.aspx?ID=585&NoRedirect=1","Guns & Gears (Remastered)","Armes à feu et technologiques","","Souvent Uncommon","Arme de base non magique","Armes à feu : généralement Uncommon; catégorie Simple/Martial/Advanced selon l'arme.","","","","","","","","","16 gp","1600","https://2e.aonprd.com/Weapons.aspx?ID=585&NoRedirect=1","Slide Pistol","Guns & Gears pg. 151","legacy","1","2026-09-12"
"Armes étendues","","","Spoon Gun","","","","","","","","","","","","https://2e.aonprd.com/Weapons.aspx?ID=603&NoRedirect=1","Guns & Gears (Remastered)","Armes à feu et technologiques","","Souvent Uncommon","Arme de base non magique","Armes à feu : généralement Uncommon; catégorie Simple/Martial/Advanced selon l'arme.","","","","","","","","","10 gp","1000","https://2e.aonprd.com/Weapons.aspx?ID=603&NoRedirect=1","Spoon Gun","Guns & Gears pg. 157","legacy","1","2026-09-12"
"Armes étendues","","","Three Peaked Tree","","","","","","","","","","","","https://2e.aonprd.com/Weapons.aspx?ID=601&NoRedirect=1","Guns & Gears (Remastered)","Armes à feu et technologiques","","Souvent Uncommon","Arme de base non magique","Armes à feu : généralement Uncommon; catégorie Simple/Martial/Advanced selon l'arme.","","","","","","","","","12 gp","1200","https://2e.aonprd.com/Weapons.aspx?ID=601&NoRedirect=1","Three Peaked Tree (Ranged)","Guns & Gears pg. 158","legacy","1","2026-09-12"
"Armes étendues","","","Umbrella Injector","","","","","","","","","","","","https://2e.aonprd.com/Weapons.aspx?ID=551&NoRedirect=1","Guns & Gears (Remastered)","Armes à feu et technologiques","","Souvent Uncommon","Arme de base non magique","Armes à feu : généralement Uncommon; catégorie Simple/Martial/Advanced selon l'arme.","","","","","","","","","4 gp","400","https://2e.aonprd.com/Weapons.aspx?ID=551&NoRedirect=1","Umbrella Injector","Guns & Gears pg. 64","legacy","0","2026-09-12"
"Armes étendues","","","Périmètre : armes de base non magiques issues du Player Core et de plusieurs suppléments majeurs. Exclus : armes spécifiques/magiques, artefacts, munitions et magazines. PF2e n'utilise pas officiellement la catégorie « exotique » : les catégories sont Simple, Martial et Advanced.","","","","","","","","","","","","","","","","","","","","","","","","","","","","","","","","","",""
"Armures standards","Sans armure","","Explorer’s clothing","1 sp","","","","L","","Cloth","Comfort","0","Common","Player Core pp. 271–274","https://2e.aonprd.com/Armor.aspx?ID=2&NoRedirect=1","","","","","","","+0","+5","—","—","—","","","","1 sp","10","https://2e.aonprd.com/Armor.aspx?ID=2&NoRedirect=1","Explorer's Clothing","Core Rulebook pg. 275","legacy","0","2026-09-12"
"Armures standards","Légère","","Padded armor","2 sp","","","","L","","Cloth","Comfort","0","Common","Player Core pp. 271–274","https://2e.aonprd.com/Armor.aspx?ID=3&NoRedirect=1","","","","","","","+1","+3","—","—","+0","","","","2 sp","20","https://2e.aonprd.com/Armor.aspx?ID=3&NoRedirect=1","Padded Armor","Core Rulebook pg. 275","legacy","0","2026-09-12"
"Armures standards","Légère","","Leather","2 gp","","","","1","","Leather","—","0","Common","Player Core pp. 271–274","https://2e.aonprd.com/Armor.aspx?ID=4&NoRedirect=1","","","","","","","+1","+4","-1","—","+0","","","","2 gp","200","https://2e.aonprd.com/Armor.aspx?ID=4&NoRedirect=1","Leather Armor","Core Rulebook pg. 275","legacy","0","2026-09-12"
"Armures standards","Légère","","Studded leather","3 gp","","","","1","","Leather","—","0","Common","Player Core pp. 271–274","https://2e.aonprd.com/Armor.aspx?ID=5&NoRedirect=1","","","","","","","+2","+3","-1","—","+1","","","","3 gp","300","https://2e.aonprd.com/Armor.aspx?ID=5&NoRedirect=1","Studded Leather Armor","Core Rulebook pg. 275","legacy","0","2026-09-12"
"Armures standards","Légère","","Chain shirt","5 gp","","","","1","","Chain","Flexible, noisy","0","Common","Player Core pp. 271–274","https://2e.aonprd.com/Armor.aspx?ID=6&NoRedirect=1","","","","","","","+2","+3","-1","—","+1","","","","5 gp","500","https://2e.aonprd.com/Armor.aspx?ID=6&NoRedirect=1","Chain Shirt","Core Rulebook pg. 275","legacy","0","2026-09-12"
"Armures standards","Intermédiaire","","Hide","2 gp","","","","2","","Leather","—","0","Common","Player Core pp. 271–274","https://2e.aonprd.com/Armor.aspx?ID=7&NoRedirect=1","","","","","","","+3","+2","-2","-5 ft.","+2","","","","2 gp","200","https://2e.aonprd.com/Armor.aspx?ID=7&NoRedirect=1","Hide Armor","Core Rulebook pg. 275","legacy","0","2026-09-12"
"Armures standards","Intermédiaire","","Scale mail","4 gp","","","","2","","Composite","—","0","Common","Player Core pp. 271–274","https://2e.aonprd.com/Armor.aspx?ID=8&NoRedirect=1","","","","","","","+3","+2","-2","-5 ft.","+2","","","","4 gp","400","https://2e.aonprd.com/Armor.aspx?ID=8&NoRedirect=1","Scale Mail","Core Rulebook pg. 275","legacy","0","2026-09-12"
"Armures standards","Intermédiaire","","Chain mail","6 gp","","","","2","","Chain","Flexible, noisy","0","Common","Player Core pp. 271–274","https://2e.aonprd.com/Armor.aspx?ID=9&NoRedirect=1","","","","","","","+4","+1","-2","-5 ft.","+3","","","","6 gp","600","https://2e.aonprd.com/Armor.aspx?ID=9&NoRedirect=1","Chain Mail","Core Rulebook pg. 275","legacy","0","2026-09-12"
"Armures standards","Intermédiaire","","Breastplate","8 gp","","","","2","","Plate","—","0","Common","Player Core pp. 271–274","https://2e.aonprd.com/Armor.aspx?ID=10&NoRedirect=1","","","","","","","+4","+1","-2","-5 ft.","+3","","","","8 gp","800","https://2e.aonprd.com/Armor.aspx?ID=10&NoRedirect=1","Breastplate","Core Rulebook pg. 275","legacy","0","2026-09-12"
"Armures standards","Lourde","","Splint mail","13 gp","","","","3","","Composite","—","1","Common","Player Core pp. 271–274","https://2e.aonprd.com/Armor.aspx?ID=11&NoRedirect=1","","","","","","","+5","+1","-3","-10 ft.","+3","","","","13 gp","1300","https://2e.aonprd.com/Armor.aspx?ID=11&NoRedirect=1","Splint Mail","Core Rulebook pg. 275","legacy","1","2026-09-12"
"Armures standards","Lourde","","Half plate","18 gp","","","","3","","Plate","—","1","Common","Player Core pp. 271–274","https://2e.aonprd.com/Armor.aspx?ID=12&NoRedirect=1","","","","","","","+5","+1","-3","-10 ft.","+3","","","","18 gp","1800","https://2e.aonprd.com/Armor.aspx?ID=12&NoRedirect=1","Half Plate","Core Rulebook pg. 275","legacy","1","2026-09-12"
"Armures standards","Lourde","","Full plate","30 gp","","","","4","","Plate","Bulwark","2","Common","Player Core pp. 271–274","https://2e.aonprd.com/Armor.aspx?ID=13&NoRedirect=1","","","","","","","+6","+0","-3","-10 ft.","+4","","","","30 gp","3000","https://2e.aonprd.com/Armor.aspx?ID=13&NoRedirect=1","Full Plate","Core Rulebook pg. 275","legacy","2","2026-09-12"
"Boucliers standards","","","Buckler","1 gp","","","","L","","","","0","Common","Player Core p. 274","https://2e.aonprd.com/Shields.aspx?ID=1&NoRedirect=1","","","","","","","+1","","","—","","3","6","3","1 gp","100","https://2e.aonprd.com/Shields.aspx?ID=1&NoRedirect=1","Buckler","Core Rulebook pg. 277","legacy","0","2026-09-12"
"Boucliers standards","","","Wooden shield","1 gp","","","","1","","","","0","Common","Player Core p. 274","https://2e.aonprd.com/Shields.aspx?ID=2&NoRedirect=1","","","","","","","+2","","","—","","3","12","6","1 gp","100","https://2e.aonprd.com/Shields.aspx?ID=2&NoRedirect=1","Wooden Shield","Core Rulebook pg. 277","legacy","0","2026-09-12"
"Boucliers standards","","","Steel shield","2 gp","","","","1","","","","0","Common","Player Core p. 274","https://2e.aonprd.com/Shields.aspx?ID=3&NoRedirect=1","","","","","","","+2","","","—","","5","20","10","2 gp","200","https://2e.aonprd.com/Shields.aspx?ID=3&NoRedirect=1","Steel Shield","Core Rulebook pg. 277","legacy","0","2026-09-12"
"Boucliers standards","","","Tower shield","10 gp","","","","4","","","","0","Common","Player Core p. 274","https://2e.aonprd.com/Shields.aspx?ID=4&NoRedirect=1","","","","","","","+2 / +4 avec Take Cover","","","-5 ft.","","5","20","10","10 gp","1000","https://2e.aonprd.com/Shields.aspx?ID=4&NoRedirect=1","Tower Shield","Core Rulebook pg. 277","legacy","0","2026-09-12"

