Onglet source,Catégorie,Type,Nom officiel (EN),Prix,Dégâts,Portée,Rechargement,Bulk,Mains,Groupe,Traits,Niveau,Rareté,Livre,Source,Livre / source,Ensemble,Catégorie PF2e,Rareté / accès,Nature,Notes,Bonus CA,Dex max.,Pénalité tests,Pénalité vitesse,Force requise,Dureté,PV,Seuil de rupture (BT)
Armes standards,Simple,Mêlée,Club,0,1d6 B,,,1,1,Club,Thrown 10 ft.,0,Common,Player Core pp. 277–281,https://2e.aonprd.com/Weapons.aspx?ID=2&NoRedirect=1,,,,,,,,,,,,,,
Armes standards,Simple,Mêlée,Dagger,2 sp,1d4 P,,,L,1,Knife,"Agile, finesse, thrown 10 ft., versatile S",0,Common,Player Core pp. 277–281,https://2e.aonprd.com/Weapons.aspx?ID=3&NoRedirect=1,,,,,,,,,,,,,,
Armes standards,Simple,Mêlée,Gauntlet,2 sp,1d4 B,,,L,1,Brawling,"Agile, free-hand",0,Common,Player Core pp. 277–281,https://2e.aonprd.com/Weapons.aspx?ID=4&NoRedirect=1,,,,,,,,,,,,,,
Armes standards,Simple,Mêlée,Light mace,4 sp,1d4 B,,,L,1,Club,"Agile, finesse, shove",0,Common,Player Core pp. 277–281,https://2e.aonprd.com/Weapons.aspx?ID=5&NoRedirect=1,,,,,,,,,,,,,,
Armes standards,Simple,Mêlée,Longspear,5 sp,1d8 P,,,2,2,Spear,Reach,0,Common,Player Core pp. 277–281,https://2e.aonprd.com/Weapons.aspx?ID=6&NoRedirect=1,,,,,,,,,,,,,,
Armes standards,Simple,Mêlée,Mace,1 gp,1d6 B,,,1,1,Club,Shove,0,Common,Player Core pp. 277–281,https://2e.aonprd.com/Weapons.aspx?ID=7&NoRedirect=1,,,,,,,,,,,,,,
Armes standards,Simple,Mêlée,Morningstar,1 gp,1d6 B,,,1,1,Club,Versatile P,0,Common,Player Core pp. 277–281,https://2e.aonprd.com/Weapons.aspx?ID=8&NoRedirect=1,,,,,,,,,,,,,,
Armes standards,Simple,Mêlée,Sickle,2 sp,1d4 S,,,L,1,Knife,"Agile, finesse, trip",0,Common,Player Core pp. 277–281,https://2e.aonprd.com/Weapons.aspx?ID=9&NoRedirect=1,,,,,,,,,,,,,,
Armes standards,Simple,Mêlée,Spear,1 sp,1d6 P,,,1,1,Spear,"Monk, thrown 20 ft.",0,Common,Player Core pp. 277–281,https://2e.aonprd.com/Weapons.aspx?ID=10&NoRedirect=1,,,,,,,,,,,,,,
Armes standards,Simple,Mêlée,Spiked gauntlet,3 sp,1d4 P,,,L,1,Brawling,"Agile, free-hand",0,Common,Player Core pp. 277–281,https://2e.aonprd.com/Weapons.aspx?ID=11&NoRedirect=1,,,,,,,,,,,,,,
Armes standards,Simple,Mêlée,Staff,0,1d4 B,,,1,1,Club,"Monk, two-hand d8",0,Common,Player Core pp. 277–281,https://2e.aonprd.com/Weapons.aspx?ID=12&NoRedirect=1,,,,,,,,,,,,,,
Armes standards,Martial,Mêlée,Bastard sword,4 gp,1d8 S,,,1,1,Sword,Two-hand d12,0,Common,Player Core pp. 277–281,https://2e.aonprd.com/Weapons.aspx?ID=15&NoRedirect=1,,,,,,,,,,,,,,
Armes standards,Martial,Mêlée,Battle axe,1 gp,1d8 S,,,1,1,Axe,Sweep,0,Common,Player Core pp. 277–281,https://2e.aonprd.com/Weapons.aspx?ID=16&NoRedirect=1,,,,,,,,,,,,,,
Armes standards,Martial,Mêlée,Bo staff,2 sp,1d8 B,,,2,2,Club,"Monk, parry, reach, trip",0,Common,Player Core pp. 277–281,https://2e.aonprd.com/Weapons.aspx?ID=17&NoRedirect=1,,,,,,,,,,,,,,
Armes standards,Martial,Mêlée,Falchion,3 gp,1d10 S,,,2,2,Sword,"Forceful, sweep",0,Common,Player Core pp. 277–281,https://2e.aonprd.com/Weapons.aspx?ID=18&NoRedirect=1,,,,,,,,,,,,,,
Armes standards,Martial,Mêlée,Flail,8 sp,1d6 B,,,1,1,Flail,"Disarm, sweep, trip",0,Common,Player Core pp. 277–281,https://2e.aonprd.com/Weapons.aspx?ID=19&NoRedirect=1,,,,,,,,,,,,,,
Armes standards,Martial,Mêlée,Glaive,1 gp,1d8 S,,,2,2,Polearm,"Deadly d8, forceful, reach",0,Common,Player Core pp. 277–281,https://2e.aonprd.com/Weapons.aspx?ID=20&NoRedirect=1,,,,,,,,,,,,,,
Armes standards,Martial,Mêlée,Greataxe,2 gp,1d12 S,,,2,2,Axe,Sweep,0,Common,Player Core pp. 277–281,https://2e.aonprd.com/Weapons.aspx?ID=21&NoRedirect=1,,,,,,,,,,,,,,
Armes standards,Martial,Mêlée,Greatclub,1 gp,1d10 B,,,2,2,Club,"Backswing, shove",0,Common,Player Core pp. 277–281,https://2e.aonprd.com/Weapons.aspx?ID=22&NoRedirect=1,,,,,,,,,,,,,,
Armes standards,Martial,Mêlée,Greatpick,1 gp,1d10 P,,,2,2,Pick,Fatal d12,0,Common,Player Core pp. 277–281,https://2e.aonprd.com/Weapons.aspx?ID=23&NoRedirect=1,,,,,,,,,,,,,,
Armes standards,Martial,Mêlée,Greatsword,2 gp,1d12 S,,,2,2,Sword,Versatile P,0,Common,Player Core pp. 277–281,https://2e.aonprd.com/Weapons.aspx?ID=24&NoRedirect=1,,,,,,,,,,,,,,
Armes standards,Martial,Mêlée,Guisarme,2 gp,1d10 S,,,2,2,Polearm,"Reach, trip",0,Common,Player Core pp. 277–281,https://2e.aonprd.com/Weapons.aspx?ID=25&NoRedirect=1,,,,,,,,,,,,,,
Armes standards,Martial,Mêlée,Halberd,2 gp,1d10 P,,,2,2,Polearm,"Reach, versatile S",0,Common,Player Core pp. 277–281,https://2e.aonprd.com/Weapons.aspx?ID=26&NoRedirect=1,,,,,,,,,,,,,,
Armes standards,Martial,Mêlée,Hatchet,4 sp,1d6 S,,,L,1,Axe,"Agile, sweep, thrown 10 ft.",0,Common,Player Core pp. 277–281,https://2e.aonprd.com/Weapons.aspx?ID=27&NoRedirect=1,,,,,,,,,,,,,,
Armes standards,Martial,Mêlée,Lance,1 gp,1d8 P,,,2,2,Spear,"Deadly d8, jousting d6, reach",0,Common,Player Core pp. 277–281,https://2e.aonprd.com/Weapons.aspx?ID=28&NoRedirect=1,,,,,,,,,,,,,,
Armes standards,Martial,Mêlée,Light hammer,3 sp,1d6 B,,,L,1,Hammer,"Agile, thrown 20 ft.",0,Common,Player Core pp. 277–281,https://2e.aonprd.com/Weapons.aspx?ID=29&NoRedirect=1,,,,,,,,,,,,,,
Armes standards,Martial,Mêlée,Light pick,4 sp,1d4 P,,,L,1,Pick,"Agile, fatal d8",0,Common,Player Core pp. 277–281,https://2e.aonprd.com/Weapons.aspx?ID=30&NoRedirect=1,,,,,,,,,,,,,,
Armes standards,Martial,Mêlée,Longsword,1 gp,1d8 S,,,1,1,Sword,Versatile P,0,Common,Player Core pp. 277–281,https://2e.aonprd.com/Weapons.aspx?ID=31&NoRedirect=1,,,,,,,,,,,,,,
Armes standards,Martial,Mêlée,Main-gauche,5 sp,1d4 P,,,L,1,Knife,"Agile, disarm, finesse, parry, versatile S",0,Common,Player Core pp. 277–281,https://2e.aonprd.com/Weapons.aspx?ID=32&NoRedirect=1,,,,,,,,,,,,,,
Armes standards,Martial,Mêlée,Maul,3 gp,1d12 B,,,2,2,Hammer,Shove,0,Common,Player Core pp. 277–281,https://2e.aonprd.com/Weapons.aspx?ID=33&NoRedirect=1,,,,,,,,,,,,,,
Armes standards,Martial,Mêlée,Pick,7 sp,1d6 P,,,1,1,Pick,Fatal d10,0,Common,Player Core pp. 277–281,https://2e.aonprd.com/Weapons.aspx?ID=34&NoRedirect=1,,,,,,,,,,,,,,
Armes standards,Martial,Mêlée,Ranseur,2 gp,1d10 P,,,2,2,Polearm,"Disarm, reach",0,Common,Player Core pp. 277–281,https://2e.aonprd.com/Weapons.aspx?ID=35&NoRedirect=1,,,,,,,,,,,,,,
Armes standards,Martial,Mêlée,Rapier,2 gp,1d6 P,,,1,1,Sword,"Deadly d8, disarm, finesse",0,Common,Player Core pp. 277–281,https://2e.aonprd.com/Weapons.aspx?ID=36&NoRedirect=1,,,,,,,,,,,,,,
Armes standards,Martial,Mêlée,Sap,1 sp,1d6 B,,,L,1,Club,"Agile, nonlethal",0,Common,Player Core pp. 277–281,https://2e.aonprd.com/Weapons.aspx?ID=37&NoRedirect=1,,,,,,,,,,,,,,
Armes standards,Martial,Mêlée,Scimitar,1 gp,1d6 S,,,1,1,Sword,"Forceful, sweep",0,Common,Player Core pp. 277–281,https://2e.aonprd.com/Weapons.aspx?ID=38&NoRedirect=1,,,,,,,,,,,,,,
Armes standards,Martial,Mêlée,Scythe,2 gp,1d10 S,,,2,2,Polearm,"Deadly d10, trip",0,Common,Player Core pp. 277–281,https://2e.aonprd.com/Weapons.aspx?ID=39&NoRedirect=1,,,,,,,,,,,,,,
Armes standards,Martial,Mêlée,Shield bash,—,1d4 B,,,—,1,Shield,—,0,Common,Player Core pp. 277–281,https://2e.aonprd.com/Weapons.aspx?ID=40&NoRedirect=1,,,,,,,,,,,,,,
Armes standards,Martial,Mêlée,Shield boss,5 sp,1d6 B,,,—,1,Shield,Attached to shield,0,Common,Player Core pp. 277–281,https://2e.aonprd.com/Weapons.aspx?ID=41&NoRedirect=1,,,,,,,,,,,,,,
Armes standards,Martial,Mêlée,Shield spikes,5 sp,1d6 P,,,—,1,Shield,Attached to shield,0,Common,Player Core pp. 277–281,https://2e.aonprd.com/Weapons.aspx?ID=42&NoRedirect=1,,,,,,,,,,,,,,
Armes standards,Martial,Mêlée,Shortsword,9 sp,1d6 P,,,L,1,Sword,"Agile, finesse, versatile S",0,Common,Player Core pp. 277–281,https://2e.aonprd.com/Weapons.aspx?ID=43&NoRedirect=1,,,,,,,,,,,,,,
Armes standards,Martial,Mêlée,Starknife,2 gp,1d4 P,,,L,1,Knife,"Agile, deadly d6, finesse, thrown 20 ft., versatile S",0,Common,Player Core pp. 277–281,https://2e.aonprd.com/Weapons.aspx?ID=44&NoRedirect=1,,,,,,,,,,,,,,
Armes standards,Martial,Mêlée,Sword cane,5 gp,1d6 P,,,1,1,Sword,"Agile, concealable, finesse",0,Common,Player Core pp. 277–281,https://2e.aonprd.com/Weapons.aspx?ID=127&NoRedirect=1,,,,,,,,,,,,,,
Armes standards,Martial,Mêlée,Trident,1 gp,1d8 P,,,1,1,Spear,Thrown 20 ft.,0,Common,Player Core pp. 277–281,https://2e.aonprd.com/Weapons.aspx?ID=45&NoRedirect=1,,,,,,,,,,,,,,
Armes standards,Martial,Mêlée,War flail,2 gp,1d10 B,,,2,2,Flail,"Disarm, sweep, trip",0,Common,Player Core pp. 277–281,https://2e.aonprd.com/Weapons.aspx?ID=46&NoRedirect=1,,,,,,,,,,,,,,
Armes standards,Martial,Mêlée,Warhammer,1 gp,1d8 B,,,1,1,Hammer,Shove,0,Common,Player Core pp. 277–281,https://2e.aonprd.com/Weapons.aspx?ID=47&NoRedirect=1,,,,,,,,,,,,,,
Armes standards,Martial,Mêlée,Whip,1 sp,1d4 S,,,1,1,Flail,"Disarm, finesse, nonlethal, reach, trip",0,Common,Player Core pp. 277–281,https://2e.aonprd.com/Weapons.aspx?ID=48&NoRedirect=1,,,,,,,,,,,,,,
Armes standards,Simple,Distance,Blowgun,1 sp,1 P,20 ft.,1,L,1,Dart,"Agile, nonlethal",0,Common,Player Core pp. 277–281,https://2e.aonprd.com/Weapons.aspx?ID=66&NoRedirect=1,,,,,,,,,,,,,,
Armes standards,Simple,Distance,Crossbow,3 gp,1d8 P,120 ft.,1,1,2,Crossbow,—,0,Common,Player Core pp. 277–281,https://2e.aonprd.com/Weapons.aspx?ID=67&NoRedirect=1,,,,,,,,,,,,,,
Armes standards,Simple,Distance,Dart,1 cp,1d4 P,20 ft.,—,L,1,Dart,"Agile, thrown",0,Common,Player Core pp. 277–281,https://2e.aonprd.com/Weapons.aspx?ID=68&NoRedirect=1,,,,,,,,,,,,,,
Armes standards,Simple,Distance,Hand crossbow,3 gp,1d6 P,60 ft.,1,L,1,Crossbow,—,0,Common,Player Core pp. 277–281,https://2e.aonprd.com/Weapons.aspx?ID=69&NoRedirect=1,,,,,,,,,,,,,,
Armes standards,Simple,Distance,Heavy crossbow,4 gp,1d10 P,120 ft.,2,2,2,Crossbow,—,0,Common,Player Core pp. 277–281,https://2e.aonprd.com/Weapons.aspx?ID=70&NoRedirect=1,,,,,,,,,,,,,,
Armes standards,Simple,Distance,Javelin,1 sp,1d6 P,30 ft.,—,L,1,Dart,Thrown,0,Common,Player Core pp. 277–281,https://2e.aonprd.com/Weapons.aspx?ID=71&NoRedirect=1,,,,,,,,,,,,,,
Armes standards,Simple,Distance,Sling,0,1d6 B,50 ft.,1,L,1,Sling,Propulsive,0,Common,Player Core pp. 277–281,https://2e.aonprd.com/Weapons.aspx?ID=72&NoRedirect=1,,,,,,,,,,,,,,
Armes standards,Martial,Distance,Arbalest,12 gp,1d10 P,110 ft.,1,2,2,Crossbow,Backstabber,0,Common,Player Core pp. 277–281,https://2e.aonprd.com/Weapons.aspx?ID=432,,,,,,,,,,,,,,
Armes standards,Martial,Distance,Bola,5 sp,1d6 B,20 ft.,—,L,1,Sling,"Nonlethal, ranged trip, thrown",0,Common,Player Core pp. 277–281,https://2e.aonprd.com/Weapons.aspx?ID=645&NoRedirect=1,,,,,,,,,,,,,,
Armes standards,Martial,Distance,Composite longbow,20 gp,1d8 P,100 ft.,0,2,1+,Bow,"Deadly d10, propulsive, volley 30 ft.",0,Common,Player Core pp. 277–281,https://2e.aonprd.com/Weapons.aspx?ID=74&NoRedirect=1,,,,,,,,,,,,,,
Armes standards,Martial,Distance,Composite shortbow,14 gp,1d6 P,60 ft.,0,1,1+,Bow,"Deadly d10, propulsive",0,Common,Player Core pp. 277–281,https://2e.aonprd.com/Weapons.aspx?ID=75&NoRedirect=1,,,,,,,,,,,,,,
Armes standards,Martial,Distance,Longbow,6 gp,1d8 P,100 ft.,0,2,1+,Bow,"Deadly d10, volley 30 ft.",0,Common,Player Core pp. 277–281,https://2e.aonprd.com/Weapons.aspx?ID=76&NoRedirect=1,,,,,,,,,,,,,,
Armes standards,Martial,Distance,Shortbow,3 gp,1d6 P,60 ft.,0,1,1+,Bow,Deadly d10,0,Common,Player Core pp. 277–281,https://2e.aonprd.com/Weapons.aspx?ID=77&NoRedirect=1,,,,,,,,,,,,,,
Armes étendues,,,Clan Dagger,,,,,,,,,,,,https://2e.aonprd.com/Weapons.aspx?ID=13&NoRedirect=1,Player Core,Armes de base hors sélection commune,,,Arme de base non magique,,,,,,,,,
Armes étendues,,,Dogslicer,,,,,,,,,,,,https://2e.aonprd.com/Weapons.aspx?ID=49&NoRedirect=1,Player Core,Armes de base hors sélection commune,,,Arme de base non magique,,,,,,,,,
Armes étendues,,,Dwarven Waraxe,,,,,,,,,,,,https://2e.aonprd.com/Weapons.aspx?ID=62&NoRedirect=1,Player Core,Armes de base hors sélection commune,,,Arme de base non magique,,,,,,,,,
Armes étendues,,,Elven Curve Blade,,,,,,,,,,,,https://2e.aonprd.com/Weapons.aspx?ID=50&NoRedirect=1,Player Core,Armes de base hors sélection commune,,,Arme de base non magique,,,,,,,,,
Armes étendues,,,Filcher's Fork,,,,,,,,,,,,https://2e.aonprd.com/Weapons.aspx?ID=51&NoRedirect=1,Player Core,Armes de base hors sélection commune,,,Arme de base non magique,,,,,,,,,
Armes étendues,,,Gnome Flickmace,,,,,,,,,,,,https://2e.aonprd.com/Weapons.aspx?ID=63&NoRedirect=1,Player Core,Armes de base hors sélection commune,,,Arme de base non magique,,,,,,,,,
Armes étendues,,,Gnome Hooked Hammer,,,,,,,,,,,,https://2e.aonprd.com/Weapons.aspx?ID=52&NoRedirect=1,Player Core,Armes de base hors sélection commune,,,Arme de base non magique,,,,,,,,,
Armes étendues,,,Halfling Sling Staff,,,,,,,,,,,,https://2e.aonprd.com/Weapons.aspx?ID=78&NoRedirect=1,Player Core,Armes de base hors sélection commune,,,Arme de base non magique,,,,,,,,,
Armes étendues,,,Horsechopper,,,,,,,,,,,,https://2e.aonprd.com/Weapons.aspx?ID=53&NoRedirect=1,Player Core,Armes de base hors sélection commune,,,Arme de base non magique,,,,,,,,,
Armes étendues,,,Kama,,,,,,,,,,,,https://2e.aonprd.com/Weapons.aspx?ID=54&NoRedirect=1,Player Core,Armes de base hors sélection commune,,,Arme de base non magique,,,,,,,,,
Armes étendues,,,Katana,,,,,,,,,,,,https://2e.aonprd.com/Weapons.aspx?ID=55&NoRedirect=1,Player Core,Armes de base hors sélection commune,Martial,Uncommon,Arme de base non magique,"2 gp; 1d6 S; Deadly d8, Two-Hand d10, Versatile P.",,,,,,,,
Armes étendues,,,Katar,,,,,,,,,,,,https://2e.aonprd.com/Weapons.aspx?ID=14&NoRedirect=1,Player Core,Armes de base hors sélection commune,,,Arme de base non magique,,,,,,,,,
Armes étendues,,,Khakkara,,,,,,,,,,,,https://2e.aonprd.com/Weapons.aspx?ID=126&NoRedirect=1,Player Core,Armes de base hors sélection commune,Martial,Uncommon,Arme de base non magique,"2 gp; 1d6 B; Monk, Shove, Two-Hand d10, Versatile P.",,,,,,,,
Armes étendues,,,Kukri,,,,,,,,,,,,https://2e.aonprd.com/Weapons.aspx?ID=56&NoRedirect=1,Player Core,Armes de base hors sélection commune,,,Arme de base non magique,,,,,,,,,
Armes étendues,,,Nunchaku,,,,,,,,,,,,https://2e.aonprd.com/Weapons.aspx?ID=57&NoRedirect=1,Player Core,Armes de base hors sélection commune,,,Arme de base non magique,,,,,,,,,
Armes étendues,,,Orc Knuckle Dagger,,,,,,,,,,,,https://2e.aonprd.com/Weapons.aspx?ID=58&NoRedirect=1,Player Core,Armes de base hors sélection commune,,,Arme de base non magique,,,,,,,,,
Armes étendues,,,Orc Necksplitter,,,,,,,,,,,,https://2e.aonprd.com/Weapons.aspx?ID=64&NoRedirect=1,Player Core,Armes de base hors sélection commune,,,Arme de base non magique,,,,,,,,,
Armes étendues,,,Sai,,,,,,,,,,,,https://2e.aonprd.com/Weapons.aspx?ID=59&NoRedirect=1,Player Core,Armes de base hors sélection commune,,,Arme de base non magique,,,,,,,,,
Armes étendues,,,Sawtooth Saber,,,,,,,,,,,,https://2e.aonprd.com/Weapons.aspx?ID=65&NoRedirect=1,Player Core,Armes de base hors sélection commune,,,Arme de base non magique,,,,,,,,,
Armes étendues,,,Shuriken,,,,,,,,,,,,https://2e.aonprd.com/Weapons.aspx?ID=79&NoRedirect=1,Player Core,Armes de base hors sélection commune,,,Arme de base non magique,,,,,,,,,
Armes étendues,,,Spiked Chain,,,,,,,,,,,,https://2e.aonprd.com/Weapons.aspx?ID=60&NoRedirect=1,Player Core,Armes de base hors sélection commune,,,Arme de base non magique,,,,,,,,,
Armes étendues,,,Temple Sword,,,,,,,,,,,,https://2e.aonprd.com/Weapons.aspx?ID=61&NoRedirect=1,Player Core,Armes de base hors sélection commune,,,Arme de base non magique,,,,,,,,,
Armes étendues,,,Wakizashi,,,,,,,,,,,,https://2e.aonprd.com/Weapons.aspx?ID=129&NoRedirect=1,Player Core,Armes de base hors sélection commune,,,Arme de base non magique,,,,,,,,,
Armes étendues,,,Broadspear,,,,,,,,,,,,https://2e.aonprd.com/Weapons.aspx?ID=258&NoRedirect=1,Lost Omens: Impossible Lands,Armes régionales,,,Arme de base non magique,,,,,,,,,
Armes étendues,,,Daikyu,,,,,,,,,,,,https://2e.aonprd.com/Weapons.aspx?ID=125&NoRedirect=1,Tian Xia Character Guide / Player Core 2,Armes régionales,Advanced,Uncommon,Arme de base non magique,"8 gp; 1d8 P; portée 80 ft.; Forceful, Propulsive.",,,,,,,,
Armes étendues,,,Dandpatta,,,,,,,,,,,,https://2e.aonprd.com/Weapons.aspx?ID=260&NoRedirect=1,Lost Omens: Impossible Lands,Armes régionales,,,Arme de base non magique,,,,,,,,,
Armes étendues,,,Donchak,,,,,,,,,,,,https://2e.aonprd.com/Weapons.aspx?ID=261&NoRedirect=1,Lost Omens: Impossible Lands,Armes régionales,,,Arme de base non magique,,,,,,,,,
Armes étendues,,,Gada,,,,,,,,,,,,https://2e.aonprd.com/Weapons.aspx?ID=262&NoRedirect=1,Lost Omens: Impossible Lands,Armes régionales,,,Arme de base non magique,,,,,,,,,
Armes étendues,,,Kalis,,,,,,,,,,,,https://2e.aonprd.com/Weapons.aspx?ID=263&NoRedirect=1,Lost Omens: Impossible Lands,Armes régionales,,,Arme de base non magique,,,,,,,,,
Armes étendues,,,Kris,,,,,,,,,,,,https://2e.aonprd.com/Weapons.aspx?ID=264&NoRedirect=1,Lost Omens: Impossible Lands,Armes régionales,,,Arme de base non magique,,,,,,,,,
Armes étendues,,,Talwar,,,,,,,,,,,,https://2e.aonprd.com/Weapons.aspx?ID=266&NoRedirect=1,Lost Omens: Impossible Lands,Armes régionales,,,Arme de base non magique,,,,,,,,,
Armes étendues,,,Tengu Gale Blade,,,,,,,,,,,,https://2e.aonprd.com/Weapons.aspx?ID=128&NoRedirect=1,Tian Xia Character Guide / Player Core 2,Armes régionales,Martial,Uncommon,Arme de base non magique,"4 gp; 1d6 S; Agile, Disarm, Finesse, Tengu.",,,,,,,,
Armes étendues,,,Thorn Whip,,,,,,,,,,,,https://2e.aonprd.com/Weapons.aspx?ID=267&NoRedirect=1,Lost Omens: Impossible Lands,Armes régionales,,,Arme de base non magique,,,,,,,,,
Armes étendues,,,Triggerbrand,,,,,,,,,,,,https://2e.aonprd.com/Weapons.aspx?ID=257&NoRedirect=1,Lost Omens: Impossible Lands,Armes régionales,,,Arme de base non magique,,,,,,,,,
Armes étendues,,,Visap,,,,,,,,,,,,https://2e.aonprd.com/Weapons.aspx?ID=268&NoRedirect=1,Lost Omens: Impossible Lands,Armes régionales,,,Arme de base non magique,,,,,,,,,
Armes étendues,,,Zulfikar,,,,,,,,,,,,https://2e.aonprd.com/Weapons.aspx?ID=269&NoRedirect=1,Lost Omens: Impossible Lands,Armes régionales,,,Arme de base non magique,,,,,,,,,
Armes étendues,,,Atlatl,,,,,,,,,,,,https://2e.aonprd.com/Weapons.aspx?ID=644&NoRedirect=1,Treasure Vault,Armes supplémentaires,,,Arme de base non magique,,,,,,,,,
Armes étendues,,,Barricade Buster,,,,,,,,,,,,https://2e.aonprd.com/Weapons.aspx?ID=657&NoRedirect=1,Treasure Vault,Armes supplémentaires,,,Arme de base non magique,,,,,,,,,
Armes étendues,,,Battle Saddle,,,,,,,,,,,,https://2e.aonprd.com/Weapons.aspx?ID=608&NoRedirect=1,Treasure Vault,Armes supplémentaires,,,Arme de base non magique,,,,,,,,,
Armes étendues,,,Bec de Corbin,,,,,,,,,,,,https://2e.aonprd.com/Weapons.aspx?ID=609&NoRedirect=1,Treasure Vault,Armes supplémentaires,,,Arme de base non magique,,,,,,,,,
Armes étendues,,,Bladed Scarf,,,,,,,,,,,,https://2e.aonprd.com/Weapons.aspx?ID=619&NoRedirect=1,Treasure Vault,Armes supplémentaires,,,Arme de base non magique,,,,,,,,,
Armes étendues,,,Boomerang,,,,,,,,,,,,https://2e.aonprd.com/Weapons.aspx?ID=652&NoRedirect=1,Treasure Vault,Armes supplémentaires,,,Arme de base non magique,,,,,,,,,
Armes étendues,,,Bow Staff,,,,,,,,,,,,https://2e.aonprd.com/Weapons.aspx?ID=659&NoRedirect=1,Treasure Vault,Armes supplémentaires,,,Arme de base non magique,,,,,,,,,
Armes étendues,,,Breaching Pike,,,,,,,,,,,,https://2e.aonprd.com/Weapons.aspx?ID=620&NoRedirect=1,Treasure Vault,Armes supplémentaires,,,Arme de base non magique,,,,,,,,,
Armes étendues,,,Butterfly Sword,,,,,,,,,,,,https://2e.aonprd.com/Weapons.aspx?ID=637&NoRedirect=1,Treasure Vault,Armes supplémentaires,,,Arme de base non magique,,,,,,,,,
Armes étendues,,,Chain Sword,,,,,,,,,,,,https://2e.aonprd.com/Weapons.aspx?ID=638&NoRedirect=1,Treasure Vault,Armes supplémentaires,,,Arme de base non magique,,,,,,,,,
Armes étendues,,,Chakri,,,,,,,,,,,,https://2e.aonprd.com/Weapons.aspx?ID=653&NoRedirect=1,Treasure Vault / Lost Omens: Impossible Lands,Armes supplémentaires,,,Arme de base non magique,,,,,,,,,
Armes étendues,,,Combat Fishing Pole,,,,,,,,,,,,https://2e.aonprd.com/Weapons.aspx?ID=508,War of Immortals,Armes supplémentaires,,,Arme de base non magique,,,,,,,,,
Armes étendues,,,Combat Lure,,,,,,,,,,,,https://2e.aonprd.com/Weapons.aspx?ID=621&NoRedirect=1,Treasure Vault,Armes supplémentaires,,,Arme de base non magique,,,,,,,,,
Armes étendues,,,Corset Knife,,,,,,,,,,,,https://2e.aonprd.com/Weapons.aspx?ID=606&NoRedirect=1,Treasure Vault,Armes supplémentaires,,,Arme de base non magique,,,,,,,,,
Armes étendues,,,Crescent Cross,,,,,,,,,,,,https://2e.aonprd.com/Weapons.aspx?ID=660&NoRedirect=1,Treasure Vault,Armes supplémentaires,,,Arme de base non magique,,,,,,,,,
Armes étendues,,,Dancer's Spear,,,,,,,,,,,,https://2e.aonprd.com/Weapons.aspx?ID=610&NoRedirect=1,Treasure Vault,Armes supplémentaires,,,Arme de base non magique,,,,,,,,,
Armes étendues,,,Dwarven Dorn-Dergar,,,,,,,,,,,,https://2e.aonprd.com/Weapons.aspx?ID=639&NoRedirect=1,Treasure Vault,Armes supplémentaires,,,Arme de base non magique,,,,,,,,,
Armes étendues,,,Earthbreaker,,,,,,,,,,,,https://2e.aonprd.com/Weapons.aspx?ID=611&NoRedirect=1,Treasure Vault,Armes supplémentaires,,,Arme de base non magique,,,,,,,,,
Armes étendues,,,Falcata,,,,,,,,,,,,https://2e.aonprd.com/Weapons.aspx?ID=635&NoRedirect=1,Treasure Vault,Armes supplémentaires,,,Arme de base non magique,,,,,,,,,
Armes étendues,,,Feng Huo Lun,,,,,,,,,,,,https://2e.aonprd.com/Weapons.aspx?ID=640&NoRedirect=1,Treasure Vault,Armes supplémentaires,,,Arme de base non magique,,,,,,,,,
Armes étendues,,,Fighting Fan,,,,,,,,,,,,https://2e.aonprd.com/Weapons.aspx?ID=622&NoRedirect=1,Treasure Vault,Armes supplémentaires,,,Arme de base non magique,,,,,,,,,
Armes étendues,,,Fighting Oar,,,,,,,,,,,,https://2e.aonprd.com/Weapons.aspx?ID=505,War of Immortals,Armes supplémentaires,,,Arme de base non magique,,,,,,,,,
Armes étendues,,,Fishing Lure,,,,,,,,,,,,https://2e.aonprd.com/Weapons.aspx?ID=515,War of Immortals,Armes supplémentaires,,,Arme de base non magique,,,,,,,,,
Armes étendues,,,Flyssa,,,,,,,,,,,,https://2e.aonprd.com/Weapons.aspx?ID=612&NoRedirect=1,Treasure Vault,Armes supplémentaires,,,Arme de base non magique,,,,,,,,,
Armes étendues,,,Frying Pan,,,,,,,,,,,,https://2e.aonprd.com/Weapons.aspx?ID=607&NoRedirect=1,Treasure Vault,Armes supplémentaires,,,Arme de base non magique,,,,,,,,,
Armes étendues,,,Gakgung,,,,,,,,,,,,https://2e.aonprd.com/Weapons.aspx?ID=646&NoRedirect=1,Treasure Vault,Armes supplémentaires,,,Arme de base non magique,,,,,,,,,
Armes étendues,,,Gauntlet Bow,,,,,,,,,,,,https://2e.aonprd.com/Weapons.aspx?ID=647&NoRedirect=1,Treasure Vault,Armes supplémentaires,,,Arme de base non magique,,,,,,,,,
Armes étendues,,,Gladius,,,,,,,,,,,,https://2e.aonprd.com/Weapons.aspx?ID=510,War of Immortals,Armes supplémentaires,,,Arme de base non magique,,,,,,,,,
Armes étendues,,,Harpoon,,,,,,,,,,,,https://2e.aonprd.com/Weapons.aspx?ID=648&NoRedirect=1,Treasure Vault,Armes supplémentaires,,,Arme de base non magique,,,,,,,,,
Armes étendues,,,Hook Sword,,,,,,,,,,,,https://2e.aonprd.com/Weapons.aspx?ID=641&NoRedirect=1,Treasure Vault,Armes supplémentaires,,,Arme de base non magique,,,,,,,,,
Armes étendues,,,Jiu Huan Dao,,,,,,,,,,,,https://2e.aonprd.com/Weapons.aspx?ID=623&NoRedirect=1,Treasure Vault,Armes supplémentaires,,,Arme de base non magique,,,,,,,,,
Armes étendues,,,Karambit,,,,,,,,,,,,https://2e.aonprd.com/Weapons.aspx?ID=642&NoRedirect=1,Treasure Vault,Armes supplémentaires,,,Arme de base non magique,,,,,,,,,
Armes étendues,,,Kestros,,,,,,,,,,,,https://2e.aonprd.com/Weapons.aspx?ID=513,War of Immortals,Armes supplémentaires,,,Arme de base non magique,,,,,,,,,
Armes étendues,,,Khopesh,,,,,,,,,,,,https://2e.aonprd.com/Weapons.aspx?ID=624&NoRedirect=1,Treasure Vault,Armes supplémentaires,,,Arme de base non magique,,,,,,,,,
Armes étendues,,,Kusarigama,,,,,,,,,,,,https://2e.aonprd.com/Weapons.aspx?ID=625&NoRedirect=1,Treasure Vault,Armes supplémentaires,,,Arme de base non magique,,,,,,,,,
Armes étendues,,,Lancer,,,,,,,,,,,,https://2e.aonprd.com/Weapons.aspx?ID=661&NoRedirect=1,Treasure Vault,Armes supplémentaires,,,Arme de base non magique,,,,,,,,,
Armes étendues,,,Leiomano,,,,,,,,,,,,https://2e.aonprd.com/Weapons.aspx?ID=626&NoRedirect=1,Treasure Vault,Armes supplémentaires,Martial,Uncommon,Arme de base non magique,"2 gp; 1d6 B; Deadly d10, Versatile S.",,,,,,,,
Armes étendues,,,Long Hammer,,,,,,,,,,,,https://2e.aonprd.com/Weapons.aspx?ID=613&NoRedirect=1,Treasure Vault,Armes supplémentaires,,,Arme de base non magique,,,,,,,,,
Armes étendues,,,Machete,,,,,,,,,,,,https://2e.aonprd.com/Weapons.aspx?ID=614&NoRedirect=1,Treasure Vault,Armes supplémentaires,,,Arme de base non magique,,,,,,,,,
Armes étendues,,,Macuahuitl,,,,,,,,,,,,https://2e.aonprd.com/Weapons.aspx?ID=511,War of Immortals,Armes supplémentaires,,,Arme de base non magique,,,,,,,,,
Armes étendues,,,Mambele,,,,,,,,,,,,https://2e.aonprd.com/Weapons.aspx?ID=627&NoRedirect=1,Treasure Vault,Armes supplémentaires,,,Arme de base non magique,,,,,,,,,
Armes étendues,,,Meteor Hammer,,,,,,,,,,,,https://2e.aonprd.com/Weapons.aspx?ID=615&NoRedirect=1,Treasure Vault,Armes supplémentaires,,,Arme de base non magique,,,,,,,,,
Armes étendues,,,Mikazuki,,,,,,,,,,,,https://2e.aonprd.com/Weapons.aspx?ID=662&NoRedirect=1,Treasure Vault,Armes supplémentaires,,,Arme de base non magique,,,,,,,,,
Armes étendues,,,Naginata,,,,,,,,,,,,https://2e.aonprd.com/Weapons.aspx?ID=628&NoRedirect=1,Treasure Vault,Armes supplémentaires,,,Arme de base non magique,,,,,,,,,
Armes étendues,,,Nodachi,,,,,,,,,,,,https://2e.aonprd.com/Weapons.aspx?ID=636&NoRedirect=1,Treasure Vault,Armes supplémentaires,,,Arme de base non magique,,,,,,,,,
Armes étendues,,,Palstave,,,,,,,,,,,,https://2e.aonprd.com/Weapons.aspx?ID=506,War of Immortals,Armes supplémentaires,Simple,Uncommon,Arme de base non magique,4 sp; 1d6 S; Sweep.,,,,,,,,
Armes étendues,,,Panabas,,,,,,,,,,,,https://2e.aonprd.com/Weapons.aspx?ID=616&NoRedirect=1,Treasure Vault / Lost Omens: Impossible Lands,Armes supplémentaires,Martial,Uncommon,Arme de base non magique,"1 gp; 1d6 S; Forceful, Sweep, Two-Hand d10.",,,,,,,,
Armes étendues,,,Phalanx Piercer,,,,,,,,,,,,https://2e.aonprd.com/Weapons.aspx?ID=656&NoRedirect=1,Treasure Vault,Armes supplémentaires,,,Arme de base non magique,,,,,,,,,
Armes étendues,,,Polytool,,,,,,,,,,,,https://2e.aonprd.com/Weapons.aspx?ID=629&NoRedirect=1,Treasure Vault,Armes supplémentaires,,,Arme de base non magique,,,,,,,,,
Armes étendues,,,Rope Dart,,,,,,,,,,,,https://2e.aonprd.com/Weapons.aspx?ID=630&NoRedirect=1,Treasure Vault,Armes supplémentaires,,,Arme de base non magique,,,,,,,,,
Armes étendues,,,Rotary Bow,,,,,,,,,,,,https://2e.aonprd.com/Weapons.aspx?ID=649&NoRedirect=1,Treasure Vault,Armes supplémentaires,,,Arme de base non magique,,,,,,,,,
Armes étendues,,,Sansetsukon,,,,,,,,,,,,https://2e.aonprd.com/Weapons.aspx?ID=631&NoRedirect=1,Treasure Vault,Armes supplémentaires,,,Arme de base non magique,,,,,,,,,
Armes étendues,,,Scizore,,,,,,,,,,,,https://2e.aonprd.com/Weapons.aspx?ID=617&NoRedirect=1,Treasure Vault,Armes supplémentaires,,,Arme de base non magique,,,,,,,,,
Armes étendues,,,Shield Bow,,,,,,,,,,,,https://2e.aonprd.com/Weapons.aspx?ID=650&NoRedirect=1,Treasure Vault,Armes supplémentaires,,,Arme de base non magique,,,,,,,,,
Armes étendues,,,Spraysling,,,,,,,,,,,,https://2e.aonprd.com/Weapons.aspx?ID=654&NoRedirect=1,Treasure Vault,Armes supplémentaires,,,Arme de base non magique,,,,,,,,,
Armes étendues,,,Sukgung,,,,,,,,,,,,https://2e.aonprd.com/Weapons.aspx?ID=651&NoRedirect=1,Treasure Vault,Armes supplémentaires,,,Arme de base non magique,,,,,,,,,
Armes étendues,,,Taw Launcher,,,,,,,,,,,,https://2e.aonprd.com/Weapons.aspx?ID=658&NoRedirect=1,Treasure Vault,Armes supplémentaires,,,Arme de base non magique,,,,,,,,,
Armes étendues,,,Tekko-Kagi,,,,,,,,,,,,https://2e.aonprd.com/Weapons.aspx?ID=632&NoRedirect=1,Treasure Vault,Armes supplémentaires,,,Arme de base non magique,,,,,,,,,
Armes étendues,,,Three-Section Naginata,,,,,,,,,,,,https://2e.aonprd.com/Weapons.aspx?ID=643&NoRedirect=1,Treasure Vault,Armes supplémentaires,,,Arme de base non magique,,,,,,,,,
Armes étendues,,,Thunder Sling,,,,,,,,,,,,https://2e.aonprd.com/Weapons.aspx?ID=655&NoRedirect=1,Treasure Vault,Armes supplémentaires,,,Arme de base non magique,,,,,,,,,
Armes étendues,,,Urumi,,,,,,,,,,,,https://2e.aonprd.com/Weapons.aspx?ID=633&NoRedirect=1,Treasure Vault,Armes supplémentaires,,,Arme de base non magique,,,,,,,,,
Armes étendues,,,War Gavel,,,,,,,,,,,,https://2e.aonprd.com/Weapons.aspx?ID=507,War of Immortals,Armes supplémentaires,,,Arme de base non magique,,,,,,,,,
Armes étendues,,,War Javelin,,,,,,,,,,,,https://2e.aonprd.com/Weapons.aspx?ID=512,War of Immortals,Armes supplémentaires,,,Arme de base non magique,,,,,,,,,
Armes étendues,,,War Razor,,,,,,,,,,,,https://2e.aonprd.com/Weapons.aspx?ID=618&NoRedirect=1,Treasure Vault,Armes supplémentaires,,,Arme de base non magique,,,,,,,,,
Armes étendues,,,Whipstaff,,,,,,,,,,,,https://2e.aonprd.com/Weapons.aspx?ID=634&NoRedirect=1,Treasure Vault,Armes supplémentaires,,,Arme de base non magique,,,,,,,,,
Armes étendues,,,Wrecker,,,,,,,,,,,,https://2e.aonprd.com/Weapons.aspx?ID=663&NoRedirect=1,Treasure Vault,Armes supplémentaires,,,Arme de base non magique,,,,,,,,,
Armes étendues,,,Air Repeater,,,,,,,,,,,,https://2e.aonprd.com/Weapons.aspx?ID=565&NoRedirect=1,Guns & Gears (Remastered),Armes à feu et technologiques,,Souvent Uncommon,Arme de base non magique,Armes à feu : généralement Uncommon; catégorie Simple/Martial/Advanced selon l'arme.,,,,,,,,
Armes étendues,,,Arquebus,,,,,,,,,,,,https://2e.aonprd.com/Weapons.aspx?ID=574&NoRedirect=1,Guns & Gears (Remastered),Armes à feu et technologiques,,Souvent Uncommon,Arme de base non magique,Armes à feu : généralement Uncommon; catégorie Simple/Martial/Advanced selon l'arme.,,,,,,,,
Armes étendues,,,Axe Musket,,,,,,,,,,,,https://2e.aonprd.com/Weapons.aspx?ID=590&NoRedirect=1,Guns & Gears (Remastered),Armes à feu et technologiques,,Souvent Uncommon,Arme de base non magique,Armes à feu : généralement Uncommon; catégorie Simple/Martial/Advanced selon l'arme.,,,,,,,,
Armes étendues,,,Backpack Ballista,,,,,,,,,,,,https://2e.aonprd.com/Weapons.aspx?ID=173&NoRedirect=1,Guns & Gears (Remastered),Armes à feu et technologiques,,Souvent Uncommon,Arme de base non magique,Armes à feu : généralement Uncommon; catégorie Simple/Martial/Advanced selon l'arme.,,,,,,,,
Armes étendues,,,Backpack Catapult,,,,,,,,,,,,https://2e.aonprd.com/Weapons.aspx?ID=544&NoRedirect=1,Guns & Gears (Remastered),Armes à feu et technologiques,,Souvent Uncommon,Arme de base non magique,Armes à feu : généralement Uncommon; catégorie Simple/Martial/Advanced selon l'arme.,,,,,,,,
Armes étendues,,,Bayonet,,,,,,,,,,,,https://2e.aonprd.com/Weapons.aspx?ID=562&NoRedirect=1,Guns & Gears (Remastered),Armes à feu et technologiques,,Souvent Uncommon,Arme de base non magique,Armes à feu : généralement Uncommon; catégorie Simple/Martial/Advanced selon l'arme.,,,,,,,,
Armes étendues,,,Big Boom Gun,,,,,,,,,,,,https://2e.aonprd.com/Weapons.aspx?ID=604&NoRedirect=1,Guns & Gears (Remastered),Armes à feu et technologiques,,Souvent Uncommon,Arme de base non magique,Armes à feu : généralement Uncommon; catégorie Simple/Martial/Advanced selon l'arme.,,,,,,,,
Armes étendues,,,Black Powder Knuckle Dusters,,,,,,,,,,,,https://2e.aonprd.com/Weapons.aspx?ID=591&NoRedirect=1,Guns & Gears (Remastered),Armes à feu et technologiques,,Souvent Uncommon,Arme de base non magique,Armes à feu : généralement Uncommon; catégorie Simple/Martial/Advanced selon l'arme.,,,,,,,,
Armes étendues,,,Blunderbuss,,,,,,,,,,,,https://2e.aonprd.com/Weapons.aspx?ID=575&NoRedirect=1,Guns & Gears (Remastered),Armes à feu et technologiques,,Souvent Uncommon,Arme de base non magique,Armes à feu : généralement Uncommon; catégorie Simple/Martial/Advanced selon l'arme.,,,,,,,,
Armes étendues,,,Cane Pistol,,,,,,,,,,,,https://2e.aonprd.com/Weapons.aspx?ID=592&NoRedirect=1,Guns & Gears (Remastered),Armes à feu et technologiques,,Souvent Uncommon,Arme de base non magique,Armes à feu : généralement Uncommon; catégorie Simple/Martial/Advanced selon l'arme.,,,,,,,,
Armes étendues,,,Clan Pistol,,,,,,,,,,,,https://2e.aonprd.com/Weapons.aspx?ID=576&NoRedirect=1,Guns & Gears (Remastered),Armes à feu et technologiques,,Souvent Uncommon,Arme de base non magique,Armes à feu : généralement Uncommon; catégorie Simple/Martial/Advanced selon l'arme.,,,,,,,,
Armes étendues,,,Coat Pistol,,,,,,,,,,,,https://2e.aonprd.com/Weapons.aspx?ID=567&NoRedirect=1,Guns & Gears (Remastered),Armes à feu et technologiques,,Souvent Uncommon,Arme de base non magique,Armes à feu : généralement Uncommon; catégorie Simple/Martial/Advanced selon l'arme.,,,,,,,,
Armes étendues,,,Dagger Pistol,,,,,,,,,,,,https://2e.aonprd.com/Weapons.aspx?ID=593&NoRedirect=1,Guns & Gears (Remastered),Armes à feu et technologiques,,Souvent Uncommon,Arme de base non magique,Armes à feu : généralement Uncommon; catégorie Simple/Martial/Advanced selon l'arme.,,,,,,,,
Armes étendues,,,Dart Umbrella,,,,,,,,,,,,https://2e.aonprd.com/Weapons.aspx?ID=545&NoRedirect=1,Guns & Gears (Remastered),Armes à feu et technologiques,,Souvent Uncommon,Arme de base non magique,Armes à feu : généralement Uncommon; catégorie Simple/Martial/Advanced selon l'arme.,,,,,,,,
Armes étendues,,,Dawnsilver Tree,,,,,,,,,,,,https://2e.aonprd.com/Weapons.aspx?ID=583&NoRedirect=1,Guns & Gears (Remastered),Armes à feu et technologiques,,Souvent Uncommon,Arme de base non magique,Armes à feu : généralement Uncommon; catégorie Simple/Martial/Advanced selon l'arme.,,,,,,,,
Armes étendues,,,Double-Barreled Musket,,,,,,,,,,,,https://2e.aonprd.com/Weapons.aspx?ID=577&NoRedirect=1,Guns & Gears (Remastered),Armes à feu et technologiques,,Souvent Uncommon,Arme de base non magique,Armes à feu : généralement Uncommon; catégorie Simple/Martial/Advanced selon l'arme.,,,,,,,,
Armes étendues,,,Double-Barreled Pistol,,,,,,,,,,,,https://2e.aonprd.com/Weapons.aspx?ID=578&NoRedirect=1,Guns & Gears (Remastered),Armes à feu et technologiques,,Souvent Uncommon,Arme de base non magique,Armes à feu : généralement Uncommon; catégorie Simple/Martial/Advanced selon l'arme.,,,,,,,,
Armes étendues,,,Dragon-Mouth Pistol,,,,,,,,,,,,https://2e.aonprd.com/Weapons.aspx?ID=579&NoRedirect=1,Guns & Gears (Remastered),Armes à feu et technologiques,,Souvent Uncommon,Arme de base non magique,Armes à feu : généralement Uncommon; catégorie Simple/Martial/Advanced selon l'arme.,,,,,,,,
Armes étendues,,,Dueling Pistol,,,,,,,,,,,,https://2e.aonprd.com/Weapons.aspx?ID=580&NoRedirect=1,Guns & Gears (Remastered),Armes à feu et technologiques,,Souvent Uncommon,Arme de base non magique,Armes à feu : généralement Uncommon; catégorie Simple/Martial/Advanced selon l'arme.,,,,,,,,
Armes étendues,,,Dwarven Scattergun,,,,,,,,,,,,https://2e.aonprd.com/Weapons.aspx?ID=586&NoRedirect=1,Guns & Gears (Remastered),Armes à feu et technologiques,,Souvent Uncommon,Arme de base non magique,Armes à feu : généralement Uncommon; catégorie Simple/Martial/Advanced selon l'arme.,,,,,,,,
Armes étendues,,,Explosive Dogslicer,,,,,,,,,,,,https://2e.aonprd.com/Weapons.aspx?ID=602&NoRedirect=1,Guns & Gears (Remastered),Armes à feu et technologiques,,Souvent Uncommon,Arme de base non magique,Armes à feu : généralement Uncommon; catégorie Simple/Martial/Advanced selon l'arme.,,,,,,,,
Armes étendues,,,Fire Lance,,,,,,,,,,,,https://2e.aonprd.com/Weapons.aspx?ID=568&NoRedirect=1,Guns & Gears (Remastered),Armes à feu et technologiques,,Souvent Uncommon,Arme de base non magique,Armes à feu : généralement Uncommon; catégorie Simple/Martial/Advanced selon l'arme.,,,,,,,,
Armes étendues,,,Flingflenser,,,,,,,,,,,,https://2e.aonprd.com/Weapons.aspx?ID=587&NoRedirect=1,Guns & Gears (Remastered),Armes à feu et technologiques,,Souvent Uncommon,Arme de base non magique,Armes à feu : généralement Uncommon; catégorie Simple/Martial/Advanced selon l'arme.,,,,,,,,
Armes étendues,,,Flintlock Musket,,,,,,,,,,,,https://2e.aonprd.com/Weapons.aspx?ID=569&NoRedirect=1,Guns & Gears (Remastered),Armes à feu et technologiques,,Souvent Uncommon,Arme de base non magique,Armes à feu : généralement Uncommon; catégorie Simple/Martial/Advanced selon l'arme.,,,,,,,,
Armes étendues,,,Flintlock Pistol,,,,,,,,,,,,https://2e.aonprd.com/Weapons.aspx?ID=570&NoRedirect=1,Guns & Gears (Remastered),Armes à feu et technologiques,,Souvent Uncommon,Arme de base non magique,Armes à feu : généralement Uncommon; catégorie Simple/Martial/Advanced selon l'arme.,,,,,,,,
Armes étendues,,,Forked Bipod,,,,,,,,,,,,https://2e.aonprd.com/Weapons.aspx?ID=559&NoRedirect=1,Guns & Gears (Remastered),Armes à feu et technologiques,,Souvent Uncommon,Arme de base non magique,Armes à feu : généralement Uncommon; catégorie Simple/Martial/Advanced selon l'arme.,,,,,,,,
Armes étendues,,,Gnome Amalgam Musket,,,,,,,,,,,,https://2e.aonprd.com/Weapons.aspx?ID=594&NoRedirect=1,Guns & Gears (Remastered),Armes à feu et technologiques,,Souvent Uncommon,Arme de base non magique,Armes à feu : généralement Uncommon; catégorie Simple/Martial/Advanced selon l'arme.,,,,,,,,
Armes étendues,,,Gun Sword,,,,,,,,,,,,https://2e.aonprd.com/Weapons.aspx?ID=595&NoRedirect=1,Guns & Gears (Remastered),Armes à feu et technologiques,,Souvent Uncommon,Arme de base non magique,Armes à feu : généralement Uncommon; catégorie Simple/Martial/Advanced selon l'arme.,,,,,,,,
Armes étendues,,,Hammer Gun,,,,,,,,,,,,https://2e.aonprd.com/Weapons.aspx?ID=596&NoRedirect=1,Guns & Gears (Remastered),Armes à feu et technologiques,,Souvent Uncommon,Arme de base non magique,Armes à feu : généralement Uncommon; catégorie Simple/Martial/Advanced selon l'arme.,,,,,,,,
Armes étendues,,,Hand Cannon,,,,,,,,,,,,https://2e.aonprd.com/Weapons.aspx?ID=571&NoRedirect=1,Guns & Gears (Remastered),Armes à feu et technologiques,,Souvent Uncommon,Arme de base non magique,Armes à feu : généralement Uncommon; catégorie Simple/Martial/Advanced selon l'arme.,,,,,,,,
Armes étendues,,,Harmona Gun,,,,,,,,,,,,https://2e.aonprd.com/Weapons.aspx?ID=581&NoRedirect=1,Guns & Gears (Remastered),Armes à feu et technologiques,,Souvent Uncommon,Arme de base non magique,Armes à feu : généralement Uncommon; catégorie Simple/Martial/Advanced selon l'arme.,,,,,,,,
Armes étendues,,,Injection Spear,,,,,,,,,,,,https://2e.aonprd.com/Weapons.aspx?ID=546&NoRedirect=1,Guns & Gears (Remastered),Armes à feu et technologiques,,Souvent Uncommon,Arme de base non magique,Armes à feu : généralement Uncommon; catégorie Simple/Martial/Advanced selon l'arme.,,,,,,,,
Armes étendues,,,Jezail,,,,,,,,,,,,https://2e.aonprd.com/Weapons.aspx?ID=582&NoRedirect=1,Guns & Gears (Remastered),Armes à feu et technologiques,,Souvent Uncommon,Arme de base non magique,Armes à feu : généralement Uncommon; catégorie Simple/Martial/Advanced selon l'arme.,,,,,,,,
Armes étendues,,,Knuckle Duster,,,,,,,,,,,,https://2e.aonprd.com/Weapons.aspx?ID=561&NoRedirect=1,Guns & Gears (Remastered),Armes à feu et technologiques,,Souvent Uncommon,Arme de base non magique,Armes à feu : généralement Uncommon; catégorie Simple/Martial/Advanced selon l'arme.,,,,,,,,
Armes étendues,,,Long Air Repeater,,,,,,,,,,,,https://2e.aonprd.com/Weapons.aspx?ID=572&NoRedirect=1,Guns & Gears (Remastered),Armes à feu et technologiques,,Souvent Uncommon,Arme de base non magique,Armes à feu : généralement Uncommon; catégorie Simple/Martial/Advanced selon l'arme.,,,,,,,,
Armes étendues,,,Mace Multipistol,,,,,,,,,,,,https://2e.aonprd.com/Weapons.aspx?ID=597&NoRedirect=1,Guns & Gears (Remastered),Armes à feu et technologiques,,Souvent Uncommon,Arme de base non magique,Armes à feu : généralement Uncommon; catégorie Simple/Martial/Advanced selon l'arme.,,,,,,,,
Armes étendues,,,Pantograph Gauntlet,,,,,,,,,,,,https://2e.aonprd.com/Weapons.aspx?ID=547&NoRedirect=1,Guns & Gears (Remastered),Armes à feu et technologiques,,Souvent Uncommon,Arme de base non magique,Armes à feu : généralement Uncommon; catégorie Simple/Martial/Advanced selon l'arme.,,,,,,,,
Armes étendues,,,Pepperbox,,,,,,,,,,,,https://2e.aonprd.com/Weapons.aspx?ID=584&NoRedirect=1,Guns & Gears (Remastered),Armes à feu et technologiques,,Souvent Uncommon,Arme de base non magique,Armes à feu : généralement Uncommon; catégorie Simple/Martial/Advanced selon l'arme.,,,,,,,,
Armes étendues,,,Piercing Wind,,,,,,,,,,,,https://2e.aonprd.com/Weapons.aspx?ID=598&NoRedirect=1,Guns & Gears (Remastered),Armes à feu et technologiques,,Souvent Uncommon,Arme de base non magique,Armes à feu : généralement Uncommon; catégorie Simple/Martial/Advanced selon l'arme.,,,,,,,,
Armes étendues,,,Rapier Pistol,,,,,,,,,,,,https://2e.aonprd.com/Weapons.aspx?ID=599&NoRedirect=1,Guns & Gears (Remastered),Armes à feu et technologiques,,Souvent Uncommon,Arme de base non magique,Armes à feu : généralement Uncommon; catégorie Simple/Martial/Advanced selon l'arme.,,,,,,,,
Armes étendues,,,Reinforced Stock,,,,,,,,,,,,https://2e.aonprd.com/Weapons.aspx?ID=563&NoRedirect=1,Guns & Gears (Remastered),Armes à feu et technologiques,,Souvent Uncommon,Arme de base non magique,Armes à feu : généralement Uncommon; catégorie Simple/Martial/Advanced selon l'arme.,,,,,,,,
Armes étendues,,,Repeating Crossbow,,,,,,,,,,,,https://2e.aonprd.com/Weapons.aspx?ID=548&NoRedirect=1,Guns & Gears (Remastered),Armes à feu et technologiques,,Souvent Uncommon,Arme de base non magique,Armes à feu : généralement Uncommon; catégorie Simple/Martial/Advanced selon l'arme.,,,,,,,,
Armes étendues,,,Repeating Hand Crossbow,,,,,,,,,,,,https://2e.aonprd.com/Weapons.aspx?ID=549&NoRedirect=1,Guns & Gears (Remastered),Armes à feu et technologiques,,Souvent Uncommon,Arme de base non magique,Armes à feu : généralement Uncommon; catégorie Simple/Martial/Advanced selon l'arme.,,,,,,,,
Armes étendues,,,Repeating Heavy Crossbow,,,,,,,,,,,,https://2e.aonprd.com/Weapons.aspx?ID=178&NoRedirect=1,Guns & Gears (Remastered),Armes à feu et technologiques,,Souvent Uncommon,Arme de base non magique,Armes à feu : généralement Uncommon; catégorie Simple/Martial/Advanced selon l'arme.,,,,,,,,
Armes étendues,,,Slide Pistol,,,,,,,,,,,,https://2e.aonprd.com/Weapons.aspx?ID=585&NoRedirect=1,Guns & Gears (Remastered),Armes à feu et technologiques,,Souvent Uncommon,Arme de base non magique,Armes à feu : généralement Uncommon; catégorie Simple/Martial/Advanced selon l'arme.,,,,,,,,
Armes étendues,,,Spoon Gun,,,,,,,,,,,,https://2e.aonprd.com/Weapons.aspx?ID=603&NoRedirect=1,Guns & Gears (Remastered),Armes à feu et technologiques,,Souvent Uncommon,Arme de base non magique,Armes à feu : généralement Uncommon; catégorie Simple/Martial/Advanced selon l'arme.,,,,,,,,
Armes étendues,,,Three Peaked Tree,,,,,,,,,,,,https://2e.aonprd.com/Weapons.aspx?ID=601&NoRedirect=1,Guns & Gears (Remastered),Armes à feu et technologiques,,Souvent Uncommon,Arme de base non magique,Armes à feu : généralement Uncommon; catégorie Simple/Martial/Advanced selon l'arme.,,,,,,,,
Armes étendues,,,Umbrella Injector,,,,,,,,,,,,https://2e.aonprd.com/Weapons.aspx?ID=551&NoRedirect=1,Guns & Gears (Remastered),Armes à feu et technologiques,,Souvent Uncommon,Arme de base non magique,Armes à feu : généralement Uncommon; catégorie Simple/Martial/Advanced selon l'arme.,,,,,,,,
Armes étendues,,,"Périmètre : armes de base non magiques issues du Player Core et de plusieurs suppléments majeurs. Exclus : armes spécifiques/magiques, artefacts, munitions et magazines. PF2e n'utilise pas officiellement la catégorie « exotique » : les catégories sont Simple, Martial et Advanced.",,,,,,,,,,,,,,,,,,,,,,,,,,
Armures standards,Sans armure,,Explorer’s clothing,1 sp,,,,L,,Cloth,Comfort,0,Common,Player Core pp. 271–274,https://2e.aonprd.com/Armor.aspx?ID=2&NoRedirect=1,,,,,,,+0,+5,—,—,—,,,
Armures standards,Légère,,Padded armor,2 sp,,,,L,,Cloth,Comfort,0,Common,Player Core pp. 271–274,https://2e.aonprd.com/Armor.aspx?ID=3&NoRedirect=1,,,,,,,+1,+3,—,—,+0,,,
Armures standards,Légère,,Leather,2 gp,,,,1,,Leather,—,0,Common,Player Core pp. 271–274,https://2e.aonprd.com/Armor.aspx?ID=4&NoRedirect=1,,,,,,,+1,+4,-1,—,+0,,,
Armures standards,Légère,,Studded leather,3 gp,,,,1,,Leather,—,0,Common,Player Core pp. 271–274,https://2e.aonprd.com/Armor.aspx?ID=5&NoRedirect=1,,,,,,,+2,+3,-1,—,+1,,,
Armures standards,Légère,,Chain shirt,5 gp,,,,1,,Chain,"Flexible, noisy",0,Common,Player Core pp. 271–274,https://2e.aonprd.com/Armor.aspx?ID=6&NoRedirect=1,,,,,,,+2,+3,-1,—,+1,,,
Armures standards,Intermédiaire,,Hide,2 gp,,,,2,,Leather,—,0,Common,Player Core pp. 271–274,https://2e.aonprd.com/Armor.aspx?ID=7&NoRedirect=1,,,,,,,+3,+2,-2,-5 ft.,+2,,,
Armures standards,Intermédiaire,,Scale mail,4 gp,,,,2,,Composite,—,0,Common,Player Core pp. 271–274,https://2e.aonprd.com/Armor.aspx?ID=8&NoRedirect=1,,,,,,,+3,+2,-2,-5 ft.,+2,,,
Armures standards,Intermédiaire,,Chain mail,6 gp,,,,2,,Chain,"Flexible, noisy",0,Common,Player Core pp. 271–274,https://2e.aonprd.com/Armor.aspx?ID=9&NoRedirect=1,,,,,,,+4,+1,-2,-5 ft.,+3,,,
Armures standards,Intermédiaire,,Breastplate,8 gp,,,,2,,Plate,—,0,Common,Player Core pp. 271–274,https://2e.aonprd.com/Armor.aspx?ID=10&NoRedirect=1,,,,,,,+4,+1,-2,-5 ft.,+3,,,
Armures standards,Lourde,,Splint mail,13 gp,,,,3,,Composite,—,1,Common,Player Core pp. 271–274,https://2e.aonprd.com/Armor.aspx?ID=11&NoRedirect=1,,,,,,,+5,+1,-3,-10 ft.,+3,,,
Armures standards,Lourde,,Half plate,18 gp,,,,3,,Plate,—,1,Common,Player Core pp. 271–274,https://2e.aonprd.com/Armor.aspx?ID=12&NoRedirect=1,,,,,,,+5,+1,-3,-10 ft.,+3,,,
Armures standards,Lourde,,Full plate,30 gp,,,,4,,Plate,Bulwark,2,Common,Player Core pp. 271–274,https://2e.aonprd.com/Armor.aspx?ID=13&NoRedirect=1,,,,,,,+6,+0,-3,-10 ft.,+4,,,
Boucliers standards,,,Buckler,1 gp,,,,L,,,,0,Common,Player Core p. 274,https://2e.aonprd.com/Shields.aspx?ID=1&NoRedirect=1,,,,,,,+1,,,—,,3,6,3
Boucliers standards,,,Wooden shield,1 gp,,,,1,,,,0,Common,Player Core p. 274,https://2e.aonprd.com/Shields.aspx?ID=2&NoRedirect=1,,,,,,,+2,,,—,,3,12,6
Boucliers standards,,,Steel shield,2 gp,,,,1,,,,0,Common,Player Core p. 274,https://2e.aonprd.com/Shields.aspx?ID=3&NoRedirect=1,,,,,,,+2,,,—,,5,20,10
Boucliers standards,,,Tower shield,10 gp,,,,4,,,,0,Common,Player Core p. 274,https://2e.aonprd.com/Shields.aspx?ID=4&NoRedirect=1,,,,,,,+2 / +4 avec Take Cover,,,-5 ft.,,5,20,10
